class,base_chain,vftable,ctor,n_methods,family,wave,status,owner,confidence,notes
C2DInGameMenu,CLocalGameObject -> CGameObject -> OMediaClassStreamer,0048d414,,17,level_game_controllers,10,todo,,,
C3DAI,C3DAnimated -> C3DObject -> OMedia3DMorphAnim -> OMedia3DShapeElement -> OMediaElement -> OMediaWorldPosition -> OMediaWorldAngle -> OMediaElementContainer -> OMediaDBObject -> OMediaClassStreamer -> OMediaListener -> OMediaMessagePort -> OMediaAnim -> CLocalGameObject -> CGameObject,0048df58;0048df68;0048e3b8;0048e3f4;0048e408,,10,base_framework,1,spec,codex,Medium,placeable:3DAI AI state machine base; registers patrol target range FOV state and wander fields
C3DAICar,C3DAI -> C3DAnimated -> C3DObject -> OMedia3DMorphAnim -> OMedia3DShapeElement -> OMediaElement -> OMediaWorldPosition -> OMediaWorldAngle -> OMediaElementContainer -> OMediaDBObject -> OMediaClassStreamer -> OMediaListener -> OMediaMessagePort -> OMediaAnim -> CLocalGameObject -> CGameObject,0048e604;0048e614;0048ea64;0048eaa0;0048eab4,,4,enemies_ai,3,todo,,,
C3DAIOmtObj,C3DAI -> C3DAnimated -> C3DObject -> OMedia3DMorphAnim -> OMedia3DShapeElement -> OMediaElement -> OMediaWorldPosition -> OMediaWorldAngle -> OMediaElementContainer -> OMediaDBObject -> OMediaClassStreamer -> OMediaListener -> OMediaMessagePort -> OMediaAnim -> CLocalGameObject -> CGameObject,0048ec40;0048ec50;0048f0a0;0048f0dc;0048f0f0,,1,base_framework,1,spec,codex,Medium,placeable:3AIO AI OMT shape object; registers OmtDatabase/OmtIndex/Radius/TerrainColl and loads 3DSh shape
C3DAISuv,C3DAI -> C3DAnimated -> C3DObject -> OMedia3DMorphAnim -> OMedia3DShapeElement -> OMediaElement -> OMediaWorldPosition -> OMediaWorldAngle -> OMediaElementContainer -> OMediaDBObject -> OMediaClassStreamer -> OMediaListener -> OMediaMessagePort -> OMediaAnim -> CLocalGameObject -> CGameObject,0048f278;0048f288;0048f6d8;0048f714;0048f728,,2,enemies_ai,3,todo,,,
C3DAITrigger,C3DTriggerType -> C3DSprite -> OMediaCanvasElement -> OMediaElement -> OMediaWorldPosition -> OMediaWorldAngle -> OMediaElementContainer -> OMediaDBObject -> OMediaClassStreamer -> OMediaListener -> OMediaMessagePort -> CLocalGameObject -> CGameObject,0048f8b0;0048f8c0;0048fd10;0048fd24,,2,enemies_ai,3,todo,,,placeable:3AIT init:FUN_0040ba70
C3DAbductee,C3DAnimated -> C3DObject -> OMedia3DMorphAnim -> OMedia3DShapeElement -> OMediaElement -> OMediaWorldPosition -> OMediaWorldAngle -> OMediaElementContainer -> OMediaDBObject -> OMediaClassStreamer -> OMediaListener -> OMediaMessagePort -> OMediaAnim -> CLocalGameObject -> CGameObject,0048d97c;0048d98c;0048dddc;0048de18;0048de2c,,1,player_friends_npcs,2,spec,codex,Medium,classid:3ABD; non-gam abductee animated leaf registers struggle/stop assets
C3DAnimated,C3DObject -> OMedia3DMorphAnim -> OMedia3DShapeElement -> OMediaElement -> OMediaWorldPosition -> OMediaWorldAngle -> OMediaElementContainer -> OMediaDBObject -> OMediaClassStreamer -> OMediaListener -> OMediaMessagePort -> OMediaAnim -> CLocalGameObject -> CGameObject,0048fe0c;0048fe1c;0049026c;004902a8;004902bc,,19,base_framework,1,spec,codex,Medium,3D animated base: level gates visibility collision pass and OMedia anim/texture loading
C3DAnimatedSprite,CPickupType -> C3DTriggerType -> C3DSprite -> OMediaCanvasElement -> OMediaElement -> OMediaWorldPosition -> OMediaWorldAngle -> OMediaElementContainer -> OMediaDBObject -> OMediaClassStreamer -> OMediaListener -> OMediaMessagePort -> CLocalGameObject -> CGameObject,004903e8;004903f8;00490848;0049085c,,1,base_framework,1,spec,codex,Medium,placeable:3ANI animated pickup sprite; registers color/sound/frame-list fields and raw slots advance frames
C3DArrow,C3DSpriteType -> C3DSprite -> OMediaCanvasElement -> OMediaElement -> OMediaWorldPosition -> OMediaWorldAngle -> OMediaElementContainer -> OMediaDBObject -> OMediaClassStreamer -> OMediaListener -> OMediaMessagePort -> CLocalGameObject -> CGameObject,00490940;00490950;00490da0;00490db4,,2,effects_triggers_nav_cameras_sound,8,todo,,,placeable:3ARR init:FUN_0040f2d0
C3DBalloon,C3DSpriteType -> C3DSprite -> OMediaCanvasElement -> OMediaElement -> OMediaWorldPosition -> OMediaWorldAngle -> OMediaElementContainer -> OMediaDBObject -> OMediaClassStreamer -> OMediaListener -> OMediaMessagePort -> CLocalGameObject -> CGameObject,00490eac;00490ebc;0049130c;00491320,,1,pickups_items,5,todo,,,
C3DBaseball,C3DPermanentSprite -> C3DSprite -> OMediaCanvasElement -> OMediaElement -> OMediaWorldPosition -> OMediaWorldAngle -> OMediaElementContainer -> OMediaDBObject -> OMediaClassStreamer -> OMediaListener -> OMediaMessagePort -> CLocalGameObject -> CGameObject,0049140c;0049141c;0049186c;00491880,,1,pickups_items,5,todo,,,
C3DBaseballPickup,C3DSpriteType -> C3DSprite -> OMediaCanvasElement -> OMediaElement -> OMediaWorldPosition -> OMediaWorldAngle -> OMediaElementContainer -> OMediaDBObject -> OMediaClassStreamer -> OMediaListener -> OMediaMessagePort -> CLocalGameObject -> CGameObject,00491964;00491974;00491dc4;00491dd8,,1,pickups_items,5,todo,,,
C3DBenny,C3DFriends -> C3DAI -> C3DAnimated -> C3DObject -> OMedia3DMorphAnim -> OMedia3DShapeElement -> OMediaElement -> OMediaWorldPosition -> OMediaWorldAngle -> OMediaElementContainer -> OMediaDBObject -> OMediaClassStreamer -> OMediaListener -> OMediaMessagePort -> OMediaAnim -> CLocalGameObject -> CGameObject,00491eb8;00491ec8;00492318;00492354;00492368,,3,player_friends_npcs,2,spec,codex,Medium,placeable:3BEN; Benny story visibility gates and talk scene transitions
C3DBubble,C3DPermanentSprite -> C3DSprite -> OMediaCanvasElement -> OMediaElement -> OMediaWorldPosition -> OMediaWorldAngle -> OMediaElementContainer -> OMediaDBObject -> OMediaClassStreamer -> OMediaListener -> OMediaMessagePort -> CLocalGameObject -> CGameObject,004924fc;0049250c;0049295c;00492970,,2,pickups_items,5,todo,,,placeable:3YSH init:FUN_0044b510
C3DBubblePickup,CPickupType -> C3DTriggerType -> C3DSprite -> OMediaCanvasElement -> OMediaElement -> OMediaWorldPosition -> OMediaWorldAngle -> OMediaElementContainer -> OMediaDBObject -> OMediaClassStreamer -> OMediaListener -> OMediaMessagePort -> CLocalGameObject -> CGameObject,00492a6c;00492a7c;00492ecc;00492ee0,,1,pickups_items,5,todo,,,
C3DBus,C3DAICar -> C3DAI -> C3DAnimated -> C3DObject -> OMedia3DMorphAnim -> OMedia3DShapeElement -> OMediaElement -> OMediaWorldPosition -> OMediaWorldAngle -> OMediaElementContainer -> OMediaDBObject -> OMediaClassStreamer -> OMediaListener -> OMediaMessagePort -> OMediaAnim -> CLocalGameObject -> CGameObject,00492fc4;00492fd4;00493424;00493460;00493474,,5,vehicles,4,todo,,,placeable:3SBU init:FUN_00411060
C3DBush,C3DSpriteType -> C3DSprite -> OMediaCanvasElement -> OMediaElement -> OMediaWorldPosition -> OMediaWorldAngle -> OMediaElementContainer -> OMediaDBObject -> OMediaClassStreamer -> OMediaListener -> OMediaMessagePort -> CLocalGameObject -> CGameObject,004935fc;0049360c;00493a5c;00493a70,,1,world_props_terrain,7,todo,,,
C3DButton,C3DAnimated -> C3DObject -> OMedia3DMorphAnim -> OMedia3DShapeElement -> OMediaElement -> OMediaWorldPosition -> OMediaWorldAngle -> OMediaElementContainer -> OMediaDBObject -> OMediaClassStreamer -> OMediaListener -> OMediaMessagePort -> OMediaAnim -> CLocalGameObject -> CGameObject,00493b50;00493b60;00493fb0;00493fec;00494000,,2,mechanisms_moving_parts,6,todo,,,
C3DCactus,C3DSpriteType -> C3DSprite -> OMediaCanvasElement -> OMediaElement -> OMediaWorldPosition -> OMediaWorldAngle -> OMediaElementContainer -> OMediaDBObject -> OMediaClassStreamer -> OMediaListener -> OMediaMessagePort -> CLocalGameObject -> CGameObject,00494130;00494140;00494590;004945a4,,1,world_props_terrain,7,todo,,,
C3DCamel,C3DAI -> C3DAnimated -> C3DObject -> OMedia3DMorphAnim -> OMedia3DShapeElement -> OMediaElement -> OMediaWorldPosition -> OMediaWorldAngle -> OMediaElementContainer -> OMediaDBObject -> OMediaClassStreamer -> OMediaListener -> OMediaMessagePort -> OMediaAnim -> CLocalGameObject -> CGameObject,00494684;00494694;00494ae4;00494b20;00494b34,,1,creatures_one_off_set_dressing,9,todo,,,placeable:3CML init:FUN_00412150
C3DCamera,C3DCube -> C3DObject -> OMedia3DMorphAnim -> OMedia3DShapeElement -> OMediaElement -> OMediaWorldPosition -> OMediaWorldAngle -> OMediaElementContainer -> OMediaDBObject -> OMediaClassStreamer -> OMediaListener -> OMediaMessagePort -> OMediaAnim -> CLocalGameObject -> CGameObject,004d20d0;004d20e0;004d2530;004d256c;004d2580,,1,base_framework,1,spec,codex,Medium,runtime camera object stores global DAT_004fc69c distinct from 3CAM cutscene trigger
C3DCar,C3DVehicle -> C3DObject -> OMedia3DMorphAnim -> OMedia3DShapeElement -> OMediaElement -> OMediaWorldPosition -> OMediaWorldAngle -> OMediaElementContainer -> OMediaDBObject -> OMediaClassStreamer -> OMediaListener -> OMediaMessagePort -> OMediaAnim -> CLocalGameObject -> CGameObject,00494cd8;00494ce8;00495138;00495174;00495188,,2,vehicles,4,todo,,,
C3DCarl,C3DFriends -> C3DAI -> C3DAnimated -> C3DObject -> OMedia3DMorphAnim -> OMedia3DShapeElement -> OMediaElement -> OMediaWorldPosition -> OMediaWorldAngle -> OMediaElementContainer -> OMediaDBObject -> OMediaClassStreamer -> OMediaListener -> OMediaMessagePort -> OMediaAnim -> CLocalGameObject -> CGameObject,00495354;00495364;004957b4;004957f0;00495804,,2,player_friends_npcs,2,spec,codex,Medium,placeable:3CAR; Carl friend leaf assets; task visibility and rescue placement hooks
C3DCheckPoint,C3DSpriteType -> C3DSprite -> OMediaCanvasElement -> OMediaElement -> OMediaWorldPosition -> OMediaWorldAngle -> OMediaElementContainer -> OMediaDBObject -> OMediaClassStreamer -> OMediaListener -> OMediaMessagePort -> CLocalGameObject -> CGameObject,00495998;004959a8;00495df8;00495e0c,,3,effects_triggers_nav_cameras_sound,8,todo,,,placeable:3CHK init:FUN_00414190
C3DChick,C3DAI -> C3DAnimated -> C3DObject -> OMedia3DMorphAnim -> OMedia3DShapeElement -> OMediaElement -> OMediaWorldPosition -> OMediaWorldAngle -> OMediaElementContainer -> OMediaDBObject -> OMediaClassStreamer -> OMediaListener -> OMediaMessagePort -> OMediaAnim -> CLocalGameObject -> CGameObject,00495eec;00495efc;0049634c;00496388;0049639c,,1,creatures_one_off_set_dressing,9,todo,,,
C3DCindy,C3DFriends -> C3DAI -> C3DAnimated -> C3DObject -> OMedia3DMorphAnim -> OMedia3DShapeElement -> OMediaElement -> OMediaWorldPosition -> OMediaWorldAngle -> OMediaElementContainer -> OMediaDBObject -> OMediaClassStreamer -> OMediaListener -> OMediaMessagePort -> OMediaAnim -> CLocalGameObject -> CGameObject,00496524;00496534;00496984;004969c0;004969d4,,2,player_friends_npcs,2,spec,codex,Medium,placeable:3CIN; Cindy friend leaf assets; task visibility and counter reward hooks
C3DCone,C3DSpriteType -> C3DSprite -> OMediaCanvasElement -> OMediaElement -> OMediaWorldPosition -> OMediaWorldAngle -> OMediaElementContainer -> OMediaDBObject -> OMediaClassStreamer -> OMediaListener -> OMediaMessagePort -> CLocalGameObject -> CGameObject,00496b68;00496b78;00496fc8;00496fdc,,1,world_props_terrain,7,todo,,,placeable:3CON init:FUN_004152a0
C3DCorona,C3DSpriteType -> C3DSprite -> OMediaCanvasElement -> OMediaElement -> OMediaWorldPosition -> OMediaWorldAngle -> OMediaElementContainer -> OMediaDBObject -> OMediaClassStreamer -> OMediaListener -> OMediaMessagePort -> CLocalGameObject -> CGameObject,004970bc;004970cc;0049751c;00497530,,1,effects_triggers_nav_cameras_sound,8,todo,,,
C3DCube,C3DObject -> OMedia3DMorphAnim -> OMedia3DShapeElement -> OMediaElement -> OMediaWorldPosition -> OMediaWorldAngle -> OMediaElementContainer -> OMediaDBObject -> OMediaClassStreamer -> OMediaListener -> OMediaMessagePort -> OMediaAnim -> CLocalGameObject -> CGameObject,004d2670;004d2680;004d2ad0;004d2b0c;004d2b20,,4,world_props_terrain,7,todo,,,placeable:3CUB init:FUN_004614e0
C3DCursor,C3DAnimated -> C3DObject -> OMedia3DMorphAnim -> OMedia3DShapeElement -> OMediaElement -> OMediaWorldPosition -> OMediaWorldAngle -> OMediaElementContainer -> OMediaDBObject -> OMediaClassStreamer -> OMediaListener -> OMediaMessagePort -> OMediaAnim -> CLocalGameObject -> CGameObject,00497610;00497620;00497a70;00497aac;00497ac0,,1,base_framework,1,spec,codex,Medium,3CUR hard-coded arrow cursor loads 3darrow assets no current gam rows
C3DCutSceneCamera,C3DTriggerType -> C3DSprite -> OMediaCanvasElement -> OMediaElement -> OMediaWorldPosition -> OMediaWorldAngle -> OMediaElementContainer -> OMediaDBObject -> OMediaClassStreamer -> OMediaListener -> OMediaMessagePort -> CLocalGameObject -> CGameObject,00497bec;00497bfc;0049804c;00498060,,1,effects_triggers_nav_cameras_sound,8,todo,,,placeable:3CAM init:FUN_00415a00
C3DDarwinFish,C3DEnemy -> C3DPickupType -> C3DAI -> C3DAnimated -> C3DObject -> OMedia3DMorphAnim -> OMedia3DShapeElement -> OMediaElement -> OMediaWorldPosition -> OMediaWorldAngle -> OMediaElementContainer -> OMediaDBObject -> OMediaClassStreamer -> OMediaListener -> OMediaMessagePort -> OMediaAnim -> CLocalGameObject -> CGameObject,00498150;00498160;004985b0;004985ec;00498600,,2,creatures_one_off_set_dressing,9,todo,,,
C3DDigger,C3DAnimated -> C3DObject -> OMedia3DMorphAnim -> OMedia3DShapeElement -> OMediaElement -> OMediaWorldPosition -> OMediaWorldAngle -> OMediaElementContainer -> OMediaDBObject -> OMediaClassStreamer -> OMediaListener -> OMediaMessagePort -> OMediaAnim -> CLocalGameObject -> CGameObject,00498788;00498798;00498be8;00498c24;00498c38,,1,vehicles,4,todo,,,
C3DDino,C3DEnemy -> C3DPickupType -> C3DAI -> C3DAnimated -> C3DObject -> OMedia3DMorphAnim -> OMedia3DShapeElement -> OMediaElement -> OMediaWorldPosition -> OMediaWorldAngle -> OMediaElementContainer -> OMediaDBObject -> OMediaClassStreamer -> OMediaListener -> OMediaMessagePort -> OMediaAnim -> CLocalGameObject -> CGameObject,00498d64;00498d74;004991c4;00499200;00499214,,1,creatures_one_off_set_dressing,9,todo,,,
C3DDoorUpDown,C3DAnimated -> C3DObject -> OMedia3DMorphAnim -> OMedia3DShapeElement -> OMediaElement -> OMediaWorldPosition -> OMediaWorldAngle -> OMediaElementContainer -> OMediaDBObject -> OMediaClassStreamer -> OMediaListener -> OMediaMessagePort -> OMediaAnim -> CLocalGameObject -> CGameObject,0049939c;004993ac;004997fc;00499838;0049984c,,2,mechanisms_moving_parts,6,todo,,,
C3DEnemy,C3DPickupType -> C3DAI -> C3DAnimated -> C3DObject -> OMedia3DMorphAnim -> OMedia3DShapeElement -> OMediaElement -> OMediaWorldPosition -> OMediaWorldAngle -> OMediaElementContainer -> OMediaDBObject -> OMediaClassStreamer -> OMediaListener -> OMediaMessagePort -> OMediaAnim -> CLocalGameObject -> CGameObject,00499978;00499988;00499dd8;00499e14;00499e28,,1,base_framework,1,spec,codex,Medium,enemy identity base clears two tail flags and inherits AI pickup behavior
C3DEnemyAircraft,C3DAI -> C3DAnimated -> C3DObject -> OMedia3DMorphAnim -> OMedia3DShapeElement -> OMediaElement -> OMediaWorldPosition -> OMediaWorldAngle -> OMediaElementContainer -> OMediaDBObject -> OMediaClassStreamer -> OMediaListener -> OMediaMessagePort -> OMediaAnim -> CLocalGameObject -> CGameObject,00499fb0;00499fc0;0049a410;0049a44c;0049a460,,1,enemies_ai,3,todo,,,
C3DEye,C3DAICar -> C3DAI -> C3DAnimated -> C3DObject -> OMedia3DMorphAnim -> OMedia3DShapeElement -> OMediaElement -> OMediaWorldPosition -> OMediaWorldAngle -> OMediaElementContainer -> OMediaDBObject -> OMediaClassStreamer -> OMediaListener -> OMediaMessagePort -> OMediaAnim -> CLocalGameObject -> CGameObject,0049a5e8;0049a5f8;0049aa48;0049aa84;0049aa98,,1,creatures_one_off_set_dressing,9,todo,,,placeable:3EYE init:FUN_00418090
C3DFan,C3DAnimated -> C3DObject -> OMedia3DMorphAnim -> OMedia3DShapeElement -> OMediaElement -> OMediaWorldPosition -> OMediaWorldAngle -> OMediaElementContainer -> OMediaDBObject -> OMediaClassStreamer -> OMediaListener -> OMediaMessagePort -> OMediaAnim -> CLocalGameObject -> CGameObject,0049ac20;0049ac30;0049b080;0049b0bc;0049b0d0,,3,mechanisms_moving_parts,6,todo,,,
C3DFerChair,C3DAnimated -> C3DObject -> OMedia3DMorphAnim -> OMedia3DShapeElement -> OMediaElement -> OMediaWorldPosition -> OMediaWorldAngle -> OMediaElementContainer -> OMediaDBObject -> OMediaClassStreamer -> OMediaListener -> OMediaMessagePort -> OMediaAnim -> CLocalGameObject -> CGameObject,0049b20c;0049b21c;0049b66c;0049b6a8;0049b6bc,,1,mechanisms_moving_parts,6,todo,,,
C3DFerris,C3DAnimated -> C3DObject -> OMedia3DMorphAnim -> OMedia3DShapeElement -> OMediaElement -> OMediaWorldPosition -> OMediaWorldAngle -> OMediaElementContainer -> OMediaDBObject -> OMediaClassStreamer -> OMediaListener -> OMediaMessagePort -> OMediaAnim -> CLocalGameObject -> CGameObject,0049b7e8;0049b7f8;0049bc48;0049bc84;0049bc98,,2,mechanisms_moving_parts,6,todo,,,placeable:3FER init:FUN_00418cc0
C3DFireStrato,C3DAnimated -> C3DObject -> OMedia3DMorphAnim -> OMedia3DShapeElement -> OMediaElement -> OMediaWorldPosition -> OMediaWorldAngle -> OMediaElementContainer -> OMediaDBObject -> OMediaClassStreamer -> OMediaListener -> OMediaMessagePort -> OMediaAnim -> CLocalGameObject -> CGameObject,0049bdc4;0049bdd4;0049c224;0049c260;0049c274,,1,effects_triggers_nav_cameras_sound,8,todo,,,
C3DFlag,C3DAnimated -> C3DObject -> OMedia3DMorphAnim -> OMedia3DShapeElement -> OMediaElement -> OMediaWorldPosition -> OMediaWorldAngle -> OMediaElementContainer -> OMediaDBObject -> OMediaClassStreamer -> OMediaListener -> OMediaMessagePort -> OMediaAnim -> CLocalGameObject -> CGameObject,0049c3a0;0049c3b0;0049c800;0049c83c;0049c850,,1,world_props_terrain,7,todo,,,
C3DFleetCommander,C3DYokian -> C3DEnemy -> C3DPickupType -> C3DAI -> C3DAnimated -> C3DObject -> OMedia3DMorphAnim -> OMedia3DShapeElement -> OMediaElement -> OMediaWorldPosition -> OMediaWorldAngle -> OMediaElementContainer -> OMediaDBObject -> OMediaClassStreamer -> OMediaListener -> OMediaMessagePort -> OMediaAnim -> CLocalGameObject -> CGameObject,0049c97c;0049c98c;0049cddc;0049ce18;0049ce2c,,1,player_friends_npcs,2,spec,codex,Medium,placeable:3FLE; Yokian commander assets and talk texture flip
C3DFlyingObject,C3DAnimated -> C3DObject -> OMedia3DMorphAnim -> OMedia3DShapeElement -> OMediaElement -> OMediaWorldPosition -> OMediaWorldAngle -> OMediaElementContainer -> OMediaDBObject -> OMediaClassStreamer -> OMediaListener -> OMediaMessagePort -> OMediaAnim -> CLocalGameObject -> CGameObject,0049cfc4;0049cfd4;0049d424;0049d460;0049d474,,7,base_framework,1,spec,codex,Medium,movement-base for 3FLY/C3DPlayer params; FUN_0041a140 flying integrator
C3DFowl,C3DFriends -> C3DAI -> C3DAnimated -> C3DObject -> OMedia3DMorphAnim -> OMedia3DShapeElement -> OMediaElement -> OMediaWorldPosition -> OMediaWorldAngle -> OMediaElementContainer -> OMediaDBObject -> OMediaClassStreamer -> OMediaListener -> OMediaMessagePort -> OMediaAnim -> CLocalGameObject -> CGameObject,0049d5f0;0049d600;0049da50;0049da8c;0049daa0,,2,creatures_one_off_set_dressing,9,todo,,,placeable:3FOW init:FUN_0041b0a0
C3DFriends,C3DAI -> C3DAnimated -> C3DObject -> OMedia3DMorphAnim -> OMedia3DShapeElement -> OMediaElement -> OMediaWorldPosition -> OMediaWorldAngle -> OMediaElementContainer -> OMediaDBObject -> OMediaClassStreamer -> OMediaListener -> OMediaMessagePort -> OMediaAnim -> CLocalGameObject -> CGameObject,0049dc34;0049dc44;0049e094;0049e0d0;0049e0e4,,8,player_friends_npcs,2,spec,codex,Medium,friend/NPC base; TalkState0..4 and TalkTrigger0..4 resolver; talk marker update
C3DGate1,C3DYokDoor -> C3DAnimated -> C3DObject -> OMedia3DMorphAnim -> OMedia3DShapeElement -> OMediaElement -> OMediaWorldPosition -> OMediaWorldAngle -> OMediaElementContainer -> OMediaDBObject -> OMediaClassStreamer -> OMediaListener -> OMediaMessagePort -> OMediaAnim -> CLocalGameObject -> CGameObject,0049e278;0049e288;0049e6d8;0049e714;0049e728,,2,mechanisms_moving_parts,6,todo,,,
C3DGeyser,C3DValve -> C3DAnimated -> C3DObject -> OMedia3DMorphAnim -> OMedia3DShapeElement -> OMediaElement -> OMediaWorldPosition -> OMediaWorldAngle -> OMediaElementContainer -> OMediaDBObject -> OMediaClassStreamer -> OMediaListener -> OMediaMessagePort -> OMediaAnim -> CLocalGameObject -> CGameObject,0049e854;0049e864;0049ecb4;0049ecf0;0049ed04,,1,mechanisms_moving_parts,6,todo,,,
C3DGirlEatingPlant,C3DEnemy -> C3DPickupType -> C3DAI -> C3DAnimated -> C3DObject -> OMedia3DMorphAnim -> OMedia3DShapeElement -> OMediaElement -> OMediaWorldPosition -> OMediaWorldAngle -> OMediaElementContainer -> OMediaDBObject -> OMediaClassStreamer -> OMediaListener -> OMediaMessagePort -> OMediaAnim -> CLocalGameObject -> CGameObject,0049ee38;0049ee48;0049f298;0049f2d4;0049f2e8,,1,creatures_one_off_set_dressing,9,todo,,,
C3DGoddard,C3DAI -> C3DAnimated -> C3DObject -> OMedia3DMorphAnim -> OMedia3DShapeElement -> OMediaElement -> OMediaWorldPosition -> OMediaWorldAngle -> OMediaElementContainer -> OMediaDBObject -> OMediaClassStreamer -> OMediaListener -> OMediaMessagePort -> OMediaAnim -> CLocalGameObject -> CGameObject,0049f470;0049f480;0049f8d0;0049f90c;0049f920,,5,player_friends_npcs,2,spec,codex,Medium,class id:3GOD no direct gam instances; Goddard AI companion assets/modes/player hooks
C3DGraplingHook,C3DAnimated -> C3DObject -> OMedia3DMorphAnim -> OMedia3DShapeElement -> OMediaElement -> OMediaWorldPosition -> OMediaWorldAngle -> OMediaElementContainer -> OMediaDBObject -> OMediaClassStreamer -> OMediaListener -> OMediaMessagePort -> OMediaAnim -> CLocalGameObject -> CGameObject,0049faec;0049fafc;0049ff4c;0049ff88;0049ff9c,,1,pickups_items,5,todo,,,
C3DGrill,C3DAnimated -> C3DObject -> OMedia3DMorphAnim -> OMedia3DShapeElement -> OMediaElement -> OMediaWorldPosition -> OMediaWorldAngle -> OMediaElementContainer -> OMediaDBObject -> OMediaClassStreamer -> OMediaListener -> OMediaMessagePort -> OMediaAnim -> CLocalGameObject -> CGameObject,004a00c8;004a00d8;004a0528;004a0564;004a0578,,1,world_props_terrain,7,todo,,,
C3DHarrier,C3DEnemyAircraft -> C3DAI -> C3DAnimated -> C3DObject -> OMedia3DMorphAnim -> OMedia3DShapeElement -> OMediaElement -> OMediaWorldPosition -> OMediaWorldAngle -> OMediaElementContainer -> OMediaDBObject -> OMediaClassStreamer -> OMediaListener -> OMediaMessagePort -> OMediaAnim -> CLocalGameObject -> CGameObject,004a06a4;004a06b4;004a0b04;004a0b40;004a0b54,,1,enemies_ai,3,todo,,,
C3DHelmet,C3DSpriteType -> C3DSprite -> OMediaCanvasElement -> OMediaElement -> OMediaWorldPosition -> OMediaWorldAngle -> OMediaElementContainer -> OMediaDBObject -> OMediaClassStreamer -> OMediaListener -> OMediaMessagePort -> CLocalGameObject -> CGameObject,004a0cf0;004a0d00;004a1150;004a1164,,1,pickups_items,5,todo,,,
C3DHook,C3DAI -> C3DAnimated -> C3DObject -> OMedia3DMorphAnim -> OMedia3DShapeElement -> OMediaElement -> OMediaWorldPosition -> OMediaWorldAngle -> OMediaElementContainer -> OMediaDBObject -> OMediaClassStreamer -> OMediaListener -> OMediaMessagePort -> OMediaAnim -> CLocalGameObject -> CGameObject,004a1244;004a1254;004a16a4;004a16e0;004a16f4,,1,pickups_items,5,todo,,,placeable:3HOO init:FUN_00420060
C3DHugh,C3DFriends -> C3DAI -> C3DAnimated -> C3DObject -> OMedia3DMorphAnim -> OMedia3DShapeElement -> OMediaElement -> OMediaWorldPosition -> OMediaWorldAngle -> OMediaElementContainer -> OMediaDBObject -> OMediaClassStreamer -> OMediaListener -> OMediaMessagePort -> OMediaAnim -> CLocalGameObject -> CGameObject,004a187c;004a188c;004a1cdc;004a1d18;004a1d2c,,1,player_friends_npcs,2,spec,codex,Medium,placeable:3HUG; direct Hugh asset init; LV4A visibility gate
C3DHumphrey,C3DEnemy -> C3DPickupType -> C3DAI -> C3DAnimated -> C3DObject -> OMedia3DMorphAnim -> OMedia3DShapeElement -> OMediaElement -> OMediaWorldPosition -> OMediaWorldAngle -> OMediaElementContainer -> OMediaDBObject -> OMediaClassStreamer -> OMediaListener -> OMediaMessagePort -> OMediaAnim -> CLocalGameObject -> CGameObject,004a1ec0;004a1ed0;004a2320;004a235c;004a2370,,2,player_friends_npcs,2,spec,codex,Medium,placeable:3HUM; Humphrey enemy assets and SCENE 0x5a clone control
C3DHydrant,C3DAnimated -> C3DObject -> OMedia3DMorphAnim -> OMedia3DShapeElement -> OMediaElement -> OMediaWorldPosition -> OMediaWorldAngle -> OMediaElementContainer -> OMediaDBObject -> OMediaClassStreamer -> OMediaListener -> OMediaMessagePort -> OMediaAnim -> CLocalGameObject -> CGameObject,004a24f8;004a2508;004a2958;004a2994;004a29a8,,1,world_props_terrain,7,todo,,,
C3DJeep,C3DCar -> C3DVehicle -> C3DObject -> OMedia3DMorphAnim -> OMedia3DShapeElement -> OMediaElement -> OMediaWorldPosition -> OMediaWorldAngle -> OMediaElementContainer -> OMediaDBObject -> OMediaClassStreamer -> OMediaListener -> OMediaMessagePort -> OMediaAnim -> CLocalGameObject -> CGameObject,004a2adc;004a2aec;004a2f3c;004a2f78;004a2f8c,,7,vehicles,4,todo,,,
C3DJetpackFire,C3DAnimated -> C3DObject -> OMedia3DMorphAnim -> OMedia3DShapeElement -> OMediaElement -> OMediaWorldPosition -> OMediaWorldAngle -> OMediaElementContainer -> OMediaDBObject -> OMediaClassStreamer -> OMediaListener -> OMediaMessagePort -> OMediaAnim -> CLocalGameObject -> CGameObject,004a3150;004a3160;004a35b0;004a35ec;004a3600,,1,effects_triggers_nav_cameras_sound,8,todo,,,
C3DJimmy,C3DPlayer -> C3DAnimated -> C3DObject -> OMedia3DMorphAnim -> OMedia3DShapeElement -> OMediaElement -> OMediaWorldPosition -> OMediaWorldAngle -> OMediaElementContainer -> OMediaDBObject -> OMediaClassStreamer -> OMediaListener -> OMediaMessagePort -> OMediaAnim -> CLocalGameObject -> CGameObject,004a372c;004a373c;004a3b8c;004a3bc8;004a3bdc,,20,player_friends_npcs,2,spec,codex,Medium,placeable:3JIM; playable Jimmy animations/textures; player/gadget/action controller
C3DJudy,C3DFriends -> C3DAI -> C3DAnimated -> C3DObject -> OMedia3DMorphAnim -> OMedia3DShapeElement -> OMediaElement -> OMediaWorldPosition -> OMediaWorldAngle -> OMediaElementContainer -> OMediaDBObject -> OMediaClassStreamer -> OMediaListener -> OMediaMessagePort -> OMediaAnim -> CLocalGameObject -> CGameObject,004a3e98;004a3ea8;004a42f8;004a4334;004a4348,,1,player_friends_npcs,2,spec,codex,Medium,placeable:3MOM; Judy friend leaf assets/reset/visibility/talk progress hooks
C3DKitty,C3DAI -> C3DAnimated -> C3DObject -> OMedia3DMorphAnim -> OMedia3DShapeElement -> OMediaElement -> OMediaWorldPosition -> OMediaWorldAngle -> OMediaElementContainer -> OMediaDBObject -> OMediaClassStreamer -> OMediaListener -> OMediaMessagePort -> OMediaAnim -> CLocalGameObject -> CGameObject,004a44dc;004a44ec;004a493c;004a4978;004a498c,,4,player_friends_npcs,2,spec,codex,Medium,placeable:3KIT; Kitty AI task threshold and effect handle lifecycle
C3DLabScreen,C3DAnimated -> C3DObject -> OMedia3DMorphAnim -> OMedia3DShapeElement -> OMediaElement -> OMediaWorldPosition -> OMediaWorldAngle -> OMediaElementContainer -> OMediaDBObject -> OMediaClassStreamer -> OMediaListener -> OMediaMessagePort -> OMediaAnim -> CLocalGameObject -> CGameObject,004a4b14;004a4b24;004a4f74;004a4fb0;004a4fc4,,1,level_game_controllers,10,todo,,,placeable:3SCR init:FUN_0042bc00
C3DLaserTrigger,C3DAnimated -> C3DObject -> OMedia3DMorphAnim -> OMedia3DShapeElement -> OMediaElement -> OMediaWorldPosition -> OMediaWorldAngle -> OMediaElementContainer -> OMediaDBObject -> OMediaClassStreamer -> OMediaListener -> OMediaMessagePort -> OMediaAnim -> CLocalGameObject -> CGameObject,004a50f4;004a5104;004a5554;004a5590;004a55a4,,2,enemies_ai,3,todo,,,placeable:3LAS init:FUN_0042c050
C3DLeaves,C3DSpriteType -> C3DSprite -> OMediaCanvasElement -> OMediaElement -> OMediaWorldPosition -> OMediaWorldAngle -> OMediaElementContainer -> OMediaDBObject -> OMediaClassStreamer -> OMediaListener -> OMediaMessagePort -> CLocalGameObject -> CGameObject,004a56d0;004a56e0;004a5b30;004a5b44,,0,world_props_terrain,7,todo,,,placeable:3LEA init:FUN_0042c6f0
C3DLibby,C3DFriends -> C3DAI -> C3DAnimated -> C3DObject -> OMedia3DMorphAnim -> OMedia3DShapeElement -> OMediaElement -> OMediaWorldPosition -> OMediaWorldAngle -> OMediaElementContainer -> OMediaDBObject -> OMediaClassStreamer -> OMediaListener -> OMediaMessagePort -> OMediaAnim -> CLocalGameObject -> CGameObject,004a5c28;004a5c38;004a6088;004a60c4;004a60d8,,1,player_friends_npcs,2,spec,codex,Medium,placeable:3LIB; Libby friend leaf assets; task visibility and talk reward hooks
C3DLight,OMediaLight -> OMediaElement -> OMediaWorldPosition -> OMediaWorldAngle -> OMediaElementContainer -> OMediaDBObject -> OMediaClassStreamer -> OMediaListener -> OMediaMessagePort -> CLocalGameObject -> CGameObject,004d2c10;004d2c20;004d3070;004d3084,,2,world_props_terrain,7,todo,,,placeable:3LIG init:FUN_00461bb0
C3DLightCone,C3DAnimated -> C3DObject -> OMedia3DMorphAnim -> OMedia3DShapeElement -> OMediaElement -> OMediaWorldPosition -> OMediaWorldAngle -> OMediaElementContainer -> OMediaDBObject -> OMediaClassStreamer -> OMediaListener -> OMediaMessagePort -> OMediaAnim -> CLocalGameObject -> CGameObject,004a626c;004a627c;004a66cc;004a6708;004a671c,,2,world_props_terrain,7,todo,,,
C3DLightObj,C3DSpriteType -> C3DSprite -> OMediaCanvasElement -> OMediaElement -> OMediaWorldPosition -> OMediaWorldAngle -> OMediaElementContainer -> OMediaDBObject -> OMediaClassStreamer -> OMediaListener -> OMediaMessagePort -> CLocalGameObject -> CGameObject,004a685c;004a686c;004a6cbc;004a6cd0,,1,world_props_terrain,7,todo,,,placeable:3LIO init:FUN_0042dba0
C3DMerryGo,C3DAnimated -> C3DObject -> OMedia3DMorphAnim -> OMedia3DShapeElement -> OMediaElement -> OMediaWorldPosition -> OMediaWorldAngle -> OMediaElementContainer -> OMediaDBObject -> OMediaClassStreamer -> OMediaListener -> OMediaMessagePort -> OMediaAnim -> CLocalGameObject -> CGameObject,004a6db0;004a6dc0;004a7210;004a724c;004a7260,,2,mechanisms_moving_parts,6,todo,,,placeable:3MER init:FUN_0042e220
C3DMetalPickup,C3DSpriteType -> C3DSprite -> OMediaCanvasElement -> OMediaElement -> OMediaWorldPosition -> OMediaWorldAngle -> OMediaElementContainer -> OMediaDBObject -> OMediaClassStreamer -> OMediaListener -> OMediaMessagePort -> CLocalGameObject -> CGameObject,004a7390;004a73a0;004a77f0;004a7804,,0,pickups_items,5,todo,,,
C3DMine,C3DSpriteType -> C3DSprite -> OMediaCanvasElement -> OMediaElement -> OMediaWorldPosition -> OMediaWorldAngle -> OMediaElementContainer -> OMediaDBObject -> OMediaClassStreamer -> OMediaListener -> OMediaMessagePort -> CLocalGameObject -> CGameObject,004a78e8;004a78f8;004a7d48;004a7d5c,,1,enemies_ai,3,todo,,,
C3DMissile,C3DAnimated -> C3DObject -> OMedia3DMorphAnim -> OMedia3DShapeElement -> OMediaElement -> OMediaWorldPosition -> OMediaWorldAngle -> OMediaElementContainer -> OMediaDBObject -> OMediaClassStreamer -> OMediaListener -> OMediaMessagePort -> OMediaAnim -> CLocalGameObject -> CGameObject,004a7e44;004a7e54;004a82a4;004a82e0;004a82f4,,3,enemies_ai,3,todo,,,
C3DMover,C3DAnimated -> C3DObject -> OMedia3DMorphAnim -> OMedia3DShapeElement -> OMediaElement -> OMediaWorldPosition -> OMediaWorldAngle -> OMediaElementContainer -> OMediaDBObject -> OMediaClassStreamer -> OMediaListener -> OMediaMessagePort -> OMediaAnim -> CLocalGameObject -> CGameObject,004a8424;004a8434;004a8884;004a88c0;004a88d4,,2,mechanisms_moving_parts,6,todo,,,
C3DMovingTarget,C3DSpriteType -> C3DSprite -> OMediaCanvasElement -> OMediaElement -> OMediaWorldPosition -> OMediaWorldAngle -> OMediaElementContainer -> OMediaDBObject -> OMediaClassStreamer -> OMediaListener -> OMediaMessagePort -> CLocalGameObject -> CGameObject,004a8a00;004a8a10;004a8e60;004a8e74,,2,mechanisms_moving_parts,6,todo,,,
C3DMultiCutSceneCamera,C3DTriggerType -> C3DSprite -> OMediaCanvasElement -> OMediaElement -> OMediaWorldPosition -> OMediaWorldAngle -> OMediaElementContainer -> OMediaDBObject -> OMediaClassStreamer -> OMediaListener -> OMediaMessagePort -> CLocalGameObject -> CGameObject,004a8f54;004a8f64;004a93b4;004a93c8,,3,effects_triggers_nav_cameras_sound,8,todo,,,placeable:3MCA init:FUN_004308d0
C3DMusicTrigger,C3DTriggerType -> C3DSprite -> OMediaCanvasElement -> OMediaElement -> OMediaWorldPosition -> OMediaWorldAngle -> OMediaElementContainer -> OMediaDBObject -> OMediaClassStreamer -> OMediaListener -> OMediaMessagePort -> CLocalGameObject -> CGameObject,004a94c8;004a94d8;004a9928;004a993c,,2,effects_triggers_nav_cameras_sound,8,todo,,,placeable:3MUS init:FUN_00431a20
C3DMutantFish,C3DEnemy -> C3DPickupType -> C3DAI -> C3DAnimated -> C3DObject -> OMedia3DMorphAnim -> OMedia3DShapeElement -> OMediaElement -> OMediaWorldPosition -> OMediaWorldAngle -> OMediaElementContainer -> OMediaDBObject -> OMediaClassStreamer -> OMediaListener -> OMediaMessagePort -> OMediaAnim -> CLocalGameObject -> CGameObject,004a9a24;004a9a34;004a9e84;004a9ec0;004a9ed4,,1,creatures_one_off_set_dressing,9,todo,,,
C3DNeuCar,C3DAICar -> C3DAI -> C3DAnimated -> C3DObject -> OMedia3DMorphAnim -> OMedia3DShapeElement -> OMediaElement -> OMediaWorldPosition -> OMediaWorldAngle -> OMediaElementContainer -> OMediaDBObject -> OMediaClassStreamer -> OMediaListener -> OMediaMessagePort -> OMediaAnim -> CLocalGameObject -> CGameObject,004aa05c;004aa06c;004aa4bc;004aa4f8;004aa50c,,1,vehicles,4,todo,,,
C3DNeuCar2,C3DAICar -> C3DAI -> C3DAnimated -> C3DObject -> OMedia3DMorphAnim -> OMedia3DShapeElement -> OMediaElement -> OMediaWorldPosition -> OMediaWorldAngle -> OMediaElementContainer -> OMediaDBObject -> OMediaClassStreamer -> OMediaListener -> OMediaMessagePort -> OMediaAnim -> CLocalGameObject -> CGameObject,004aa694;004aa6a4;004aaaf4;004aab30;004aab44,,1,vehicles,4,todo,,,
C3DNeutron,C3DSpriteType -> C3DSprite -> OMediaCanvasElement -> OMediaElement -> OMediaWorldPosition -> OMediaWorldAngle -> OMediaElementContainer -> OMediaDBObject -> OMediaClassStreamer -> OMediaListener -> OMediaMessagePort -> CLocalGameObject -> CGameObject,004aaccc;004aacdc;004ab12c;004ab140,,1,player_friends_npcs,2,spec,codex,Medium,placeable:3NEU; animated neutron billboard pickup; icons.omt index 4 plus sprites.omt frames 0..12
C3DNewSmokePuff,C3DSpriteType -> C3DSprite -> OMediaCanvasElement -> OMediaElement -> OMediaWorldPosition -> OMediaWorldAngle -> OMediaElementContainer -> OMediaDBObject -> OMediaClassStreamer -> OMediaListener -> OMediaMessagePort -> CLocalGameObject -> CGameObject,004ab22c;004ab23c;004ab68c;004ab6a0,,2,effects_triggers_nav_cameras_sound,8,todo,,,
C3DNick,C3DFriends -> C3DAI -> C3DAnimated -> C3DObject -> OMedia3DMorphAnim -> OMedia3DShapeElement -> OMediaElement -> OMediaWorldPosition -> OMediaWorldAngle -> OMediaElementContainer -> OMediaDBObject -> OMediaClassStreamer -> OMediaListener -> OMediaMessagePort -> OMediaAnim -> CLocalGameObject -> CGameObject,004ab784;004ab794;004abbe4;004abc20;004abc34,,5,player_friends_npcs,2,spec,codex,Medium,placeable:3NIC; Nick race/skateboard hooks and scene visibility windows
C3DObject,OMedia3DMorphAnim -> OMedia3DShapeElement -> OMediaElement -> OMediaWorldPosition -> OMediaWorldAngle -> OMediaElementContainer -> OMediaDBObject -> OMediaClassStreamer -> OMediaListener -> OMediaMessagePort -> OMediaAnim -> CLocalGameObject -> CGameObject,004d3144;004d3154;004d35a4;004d35e0;004d35f4,,12,base_framework,1,spec,codex,Medium,3D shape/morph bridge syncing CGameObject transform fields to OMedia
C3DOctapuke,C3DAnimated -> C3DObject -> OMedia3DMorphAnim -> OMedia3DShapeElement -> OMediaElement -> OMediaWorldPosition -> OMediaWorldAngle -> OMediaElementContainer -> OMediaDBObject -> OMediaClassStreamer -> OMediaListener -> OMediaMessagePort -> OMediaAnim -> CLocalGameObject -> CGameObject,004abdc8;004abdd8;004ac228;004ac264;004ac278,,3,creatures_one_off_set_dressing,9,todo,,,placeable:3OCT init:FUN_00433e70
C3DOmtObj,C3DAnimated -> C3DObject -> OMedia3DMorphAnim -> OMedia3DShapeElement -> OMediaElement -> OMediaWorldPosition -> OMediaWorldAngle -> OMediaElementContainer -> OMediaDBObject -> OMediaClassStreamer -> OMediaListener -> OMediaMessagePort -> OMediaAnim -> CLocalGameObject -> CGameObject,004ac3a4;004ac3b4;004ac804;004ac840;004ac854,,1,base_framework,1,spec,codex,Medium,placeable:3OMT OMT shape object; registers OmtDatabase/OmtIndex/Radius and loads 3DSh shape
C3DPasscard,C3DSpriteType -> C3DSprite -> OMediaCanvasElement -> OMediaElement -> OMediaWorldPosition -> OMediaWorldAngle -> OMediaElementContainer -> OMediaDBObject -> OMediaClassStreamer -> OMediaListener -> OMediaMessagePort -> CLocalGameObject -> CGameObject,004ac980;004ac990;004acde0;004acdf4,,1,pickups_items,5,todo,,,
C3DPatrolPoint,C3DSprite -> OMediaCanvasElement -> OMediaElement -> OMediaWorldPosition -> OMediaWorldAngle -> OMediaElementContainer -> OMediaDBObject -> OMediaClassStreamer -> OMediaListener -> OMediaMessagePort -> CLocalGameObject -> CGameObject,004aced4;004acee4;004ad334;004ad348,,3,effects_triggers_nav_cameras_sound,8,todo,,,placeable:3PAT init:FUN_00434b30
C3DPendulum,C3DAnimated -> C3DObject -> OMedia3DMorphAnim -> OMedia3DShapeElement -> OMediaElement -> OMediaWorldPosition -> OMediaWorldAngle -> OMediaElementContainer -> OMediaDBObject -> OMediaClassStreamer -> OMediaListener -> OMediaMessagePort -> OMediaAnim -> CLocalGameObject -> CGameObject,004ad42c;004ad43c;004ad88c;004ad8c8;004ad8dc,,1,mechanisms_moving_parts,6,todo,,,placeable:3PEN init:FUN_00434f60
C3DPermanentSprite,C3DSprite -> OMediaCanvasElement -> OMediaElement -> OMediaWorldPosition -> OMediaWorldAngle -> OMediaElementContainer -> OMediaDBObject -> OMediaClassStreamer -> OMediaListener -> OMediaMessagePort -> CLocalGameObject -> CGameObject,004ada08;004ada18;004ade68;004ade7c,,2,base_framework,1,spec,codex,Medium,permanent sprite base; reuses C3DSprite fields with permanenticons.omt fallback
C3DPhoneBooth,C3DAnimated -> C3DObject -> OMedia3DMorphAnim -> OMedia3DShapeElement -> OMediaElement -> OMediaWorldPosition -> OMediaWorldAngle -> OMediaElementContainer -> OMediaDBObject -> OMediaClassStreamer -> OMediaListener -> OMediaMessagePort -> OMediaAnim -> CLocalGameObject -> CGameObject,004adf5c;004adf6c;004ae3bc;004ae3f8;004ae40c,,4,world_props_terrain,7,todo,,,placeable:3PHO init:FUN_004355a0
C3DPickupItem,CPickupType -> C3DTriggerType -> C3DSprite -> OMediaCanvasElement -> OMediaElement -> OMediaWorldPosition -> OMediaWorldAngle -> OMediaElementContainer -> OMediaDBObject -> OMediaClassStreamer -> OMediaListener -> OMediaMessagePort -> CLocalGameObject -> CGameObject,004ae538;004ae548;004ae998;004ae9ac,,5,base_framework,1,spec,codex,Medium,placeable:3PIC pickup item; registers sound score requirements pass-through fields and handles pickup collection state
C3DPickupType,C3DAI -> C3DAnimated -> C3DObject -> OMedia3DMorphAnim -> OMedia3DShapeElement -> OMediaElement -> OMediaWorldPosition -> OMediaWorldAngle -> OMediaElementContainer -> OMediaDBObject -> OMediaClassStreamer -> OMediaListener -> OMediaMessagePort -> OMediaAnim -> CLocalGameObject -> CGameObject,004aea94;004aeaa4;004aeef4;004aef30;004aef44,,4,base_framework,1,spec,codex,Medium,AI pickup state gate base; opt-in PickupIndex/PIC_NUMBER registration and global pickup-state visibility gate
C3DPirate,C3DAnimated -> C3DObject -> OMedia3DMorphAnim -> OMedia3DShapeElement -> OMediaElement -> OMediaWorldPosition -> OMediaWorldAngle -> OMediaElementContainer -> OMediaDBObject -> OMediaClassStreamer -> OMediaListener -> OMediaMessagePort -> OMediaAnim -> CLocalGameObject -> CGameObject,004af0cc;004af0dc;004af52c;004af568;004af57c,,3,player_friends_npcs,2,spec,codex,Medium,placeable:3PIR; Viking asset ship-exit escort to StartPoint
C3DPlayer,C3DAnimated -> C3DObject -> OMedia3DMorphAnim -> OMedia3DShapeElement -> OMediaElement -> OMediaWorldPosition -> OMediaWorldAngle -> OMediaElementContainer -> OMediaDBObject -> OMediaClassStreamer -> OMediaListener -> OMediaMessagePort -> OMediaAnim -> CLocalGameObject -> CGameObject,004af6b4;004af6c4;004afb14;004afb50;004afb64,,9,player_friends_npcs,2,spec,codex,Medium,player controller; 3PLA; walking/flying/camera/fence/ladder/load-level helpers
C3DPod,C3DAI -> C3DAnimated -> C3DObject -> OMedia3DMorphAnim -> OMedia3DShapeElement -> OMediaElement -> OMediaWorldPosition -> OMediaWorldAngle -> OMediaElementContainer -> OMediaDBObject -> OMediaClassStreamer -> OMediaListener -> OMediaMessagePort -> OMediaAnim -> CLocalGameObject -> CGameObject,004afd48;004afd58;004b01a8;004b01e4;004b01f8,,1,enemies_ai,3,todo,,,
C3DPointCursor,C3DAnimated -> C3DObject -> OMedia3DMorphAnim -> OMedia3DShapeElement -> OMediaElement -> OMediaWorldPosition -> OMediaWorldAngle -> OMediaElementContainer -> OMediaDBObject -> OMediaClassStreamer -> OMediaListener -> OMediaMessagePort -> OMediaAnim -> CLocalGameObject -> CGameObject,004b0380;004b0390;004b07e0;004b081c;004b0830,,1,effects_triggers_nav_cameras_sound,8,todo,,,
C3DPolygon,OMediaCanvasElement -> OMediaElement -> OMediaWorldPosition -> OMediaWorldAngle -> OMediaElementContainer -> OMediaDBObject -> OMediaClassStreamer -> OMediaListener -> OMediaMessagePort -> CLocalGameObject -> CGameObject,004d36dc;004d36ec;004d3b3c;004d3b50,,5,world_props_terrain,7,todo,,,
C3DProjectile,C3DSpriteType -> C3DSprite -> OMediaCanvasElement -> OMediaElement -> OMediaWorldPosition -> OMediaWorldAngle -> OMediaElementContainer -> OMediaDBObject -> OMediaClassStreamer -> OMediaListener -> OMediaMessagePort -> CLocalGameObject -> CGameObject,004b095c;004b096c;004b0dbc;004b0dd0,,0,base_framework,1,spec,codex,Medium,3PRO effects sprite projectile raw update and collision slots need Ghidra functions
C3DRedNeutron,CPickupType -> C3DTriggerType -> C3DSprite -> OMediaCanvasElement -> OMediaElement -> OMediaWorldPosition -> OMediaWorldAngle -> OMediaElementContainer -> OMediaDBObject -> OMediaClassStreamer -> OMediaListener -> OMediaMessagePort -> CLocalGameObject -> CGameObject,004b0eb0;004b0ec0;004b1310;004b1324,,2,player_friends_npcs,2,spec,codex,Medium,placeable:3RED; red neutron pickup/trigger; Radius; NextTrigger; pickup table increment
C3DRock,C3DAnimated -> C3DObject -> OMedia3DMorphAnim -> OMedia3DShapeElement -> OMediaElement -> OMediaWorldPosition -> OMediaWorldAngle -> OMediaElementContainer -> OMediaDBObject -> OMediaClassStreamer -> OMediaListener -> OMediaMessagePort -> OMediaAnim -> CLocalGameObject -> CGameObject,004b1430;004b1440;004b1890;004b18cc;004b18e0,,1,world_props_terrain,7,todo,,,
C3DRocket,C3DAI -> C3DAnimated -> C3DObject -> OMedia3DMorphAnim -> OMedia3DShapeElement -> OMediaElement -> OMediaWorldPosition -> OMediaWorldAngle -> OMediaElementContainer -> OMediaDBObject -> OMediaClassStreamer -> OMediaListener -> OMediaMessagePort -> OMediaAnim -> CLocalGameObject -> CGameObject,004b1a10;004b1a20;004b1e70;004b1eac;004b1ec0,,1,vehicles,4,todo,,,
C3DRocketFuel,C3DSpriteType -> C3DSprite -> OMediaCanvasElement -> OMediaElement -> OMediaWorldPosition -> OMediaWorldAngle -> OMediaElementContainer -> OMediaDBObject -> OMediaClassStreamer -> OMediaListener -> OMediaMessagePort -> CLocalGameObject -> CGameObject,004b2048;004b2058;004b24a8;004b24bc,,2,pickups_items,5,todo,,,placeable:3FUE init:FUN_0043d530
C3DRocketShip,C3DFlyingObject -> C3DAnimated -> C3DObject -> OMedia3DMorphAnim -> OMedia3DShapeElement -> OMediaElement -> OMediaWorldPosition -> OMediaWorldAngle -> OMediaElementContainer -> OMediaDBObject -> OMediaClassStreamer -> OMediaListener -> OMediaMessagePort -> OMediaAnim -> CLocalGameObject -> CGameObject,004b259c;004b25ac;004b29fc;004b2a38;004b2a4c,,5,vehicles,4,todo,,,
C3DSailBoat,C3DAI -> C3DAnimated -> C3DObject -> OMedia3DMorphAnim -> OMedia3DShapeElement -> OMediaElement -> OMediaWorldPosition -> OMediaWorldAngle -> OMediaElementContainer -> OMediaDBObject -> OMediaClassStreamer -> OMediaListener -> OMediaMessagePort -> OMediaAnim -> CLocalGameObject -> CGameObject,004b2b8c;004b2b9c;004b2fec;004b3028;004b303c,,1,vehicles,4,todo,,,
C3DSchoolDoor,C3DAnimated -> C3DObject -> OMedia3DMorphAnim -> OMedia3DShapeElement -> OMediaElement -> OMediaWorldPosition -> OMediaWorldAngle -> OMediaElementContainer -> OMediaDBObject -> OMediaClassStreamer -> OMediaListener -> OMediaMessagePort -> OMediaAnim -> CLocalGameObject -> CGameObject,004b31cc;004b31dc;004b362c;004b3668;004b367c,,4,mechanisms_moving_parts,6,todo,,,
C3DShadow,C3DPermanentSprite -> C3DSprite -> OMediaCanvasElement -> OMediaElement -> OMediaWorldPosition -> OMediaWorldAngle -> OMediaElementContainer -> OMediaDBObject -> OMediaClassStreamer -> OMediaListener -> OMediaMessagePort -> CLocalGameObject -> CGameObject,004b37a8;004b37b8;004b3c08;004b3c1c,,0,world_props_terrain,7,todo,,,placeable:3TAR init:FUN_004453b0
C3DSheen,C3DFriends -> C3DAI -> C3DAnimated -> C3DObject -> OMedia3DMorphAnim -> OMedia3DShapeElement -> OMediaElement -> OMediaWorldPosition -> OMediaWorldAngle -> OMediaElementContainer -> OMediaDBObject -> OMediaClassStreamer -> OMediaListener -> OMediaMessagePort -> OMediaAnim -> CLocalGameObject -> CGameObject,004b3cfc;004b3d0c;004b415c;004b4198;004b41ac,,1,player_friends_npcs,2,spec,codex,Medium,placeable:3SHE; Sheen friend leaf assets; level/task visibility and talk progress hooks
C3DShrinkRay,C3DAnimated -> C3DObject -> OMedia3DMorphAnim -> OMedia3DShapeElement -> OMediaElement -> OMediaWorldPosition -> OMediaWorldAngle -> OMediaElementContainer -> OMediaDBObject -> OMediaClassStreamer -> OMediaListener -> OMediaMessagePort -> OMediaAnim -> CLocalGameObject -> CGameObject,004b4340;004b4350;004b47a0;004b47dc;004b47f0,,1,enemies_ai,3,todo,,,
C3DSkateBoard,C3DAnimated -> C3DObject -> OMedia3DMorphAnim -> OMedia3DShapeElement -> OMediaElement -> OMediaWorldPosition -> OMediaWorldAngle -> OMediaElementContainer -> OMediaDBObject -> OMediaClassStreamer -> OMediaListener -> OMediaMessagePort -> OMediaAnim -> CLocalGameObject -> CGameObject,004b491c;004b492c;004b4d7c;004b4db8;004b4dcc,,1,vehicles,4,todo,,,
C3DSky,C3DObject -> OMedia3DMorphAnim -> OMedia3DShapeElement -> OMediaElement -> OMediaWorldPosition -> OMediaWorldAngle -> OMediaElementContainer -> OMediaDBObject -> OMediaClassStreamer -> OMediaListener -> OMediaMessagePort -> OMediaAnim -> CLocalGameObject -> CGameObject,004d3c2c;004d3c3c;004d408c;004d40c8;004d40dc,,4,world_props_terrain,7,todo,,,
C3DSmoke,C3DSpriteType -> C3DSprite -> OMediaCanvasElement -> OMediaElement -> OMediaWorldPosition -> OMediaWorldAngle -> OMediaElementContainer -> OMediaDBObject -> OMediaClassStreamer -> OMediaListener -> OMediaMessagePort -> CLocalGameObject -> CGameObject,004b4ef8;004b4f08;004b5358;004b536c,,1,effects_triggers_nav_cameras_sound,8,todo,,,placeable:3SM1 init:FUN_00440530
C3DSmokePuff,C3DSpriteType -> C3DSprite -> OMediaCanvasElement -> OMediaElement -> OMediaWorldPosition -> OMediaWorldAngle -> OMediaElementContainer -> OMediaDBObject -> OMediaClassStreamer -> OMediaListener -> OMediaMessagePort -> CLocalGameObject -> CGameObject,004b544c;004b545c;004b58ac;004b58c0,,1,effects_triggers_nav_cameras_sound,8,todo,,,
C3DSoundEffect,C3DSpriteType -> C3DSprite -> OMediaCanvasElement -> OMediaElement -> OMediaWorldPosition -> OMediaWorldAngle -> OMediaElementContainer -> OMediaDBObject -> OMediaClassStreamer -> OMediaListener -> OMediaMessagePort -> CLocalGameObject -> CGameObject,004b59a0;004b59b0;004b5e00;004b5e14,,1,effects_triggers_nav_cameras_sound,8,todo,,,placeable:3SOU init:FUN_00440e20
C3DSparkWire,C3DTesla -> C3DAnimated -> C3DObject -> OMedia3DMorphAnim -> OMedia3DShapeElement -> OMediaElement -> OMediaWorldPosition -> OMediaWorldAngle -> OMediaElementContainer -> OMediaDBObject -> OMediaClassStreamer -> OMediaListener -> OMediaMessagePort -> OMediaAnim -> CLocalGameObject -> CGameObject,004b5ef4;004b5f04;004b6354;004b6390;004b63a4,,2,effects_triggers_nav_cameras_sound,8,todo,,,
C3DSparrow,C3DAI -> C3DAnimated -> C3DObject -> OMedia3DMorphAnim -> OMedia3DShapeElement -> OMediaElement -> OMediaWorldPosition -> OMediaWorldAngle -> OMediaElementContainer -> OMediaDBObject -> OMediaClassStreamer -> OMediaListener -> OMediaMessagePort -> OMediaAnim -> CLocalGameObject -> CGameObject,004b64d8;004b64e8;004b6938;004b6974;004b6988,,1,creatures_one_off_set_dressing,9,todo,,,
C3DSphere,C3DObject -> OMedia3DMorphAnim -> OMedia3DShapeElement -> OMediaElement -> OMediaWorldPosition -> OMediaWorldAngle -> OMediaElementContainer -> OMediaDBObject -> OMediaClassStreamer -> OMediaListener -> OMediaMessagePort -> OMediaAnim -> CLocalGameObject -> CGameObject,004d41cc;004d41dc;004d462c;004d4668;004d467c,,2,world_props_terrain,7,todo,,,placeable:3SPH init:FUN_00463b30
C3DSprite,OMediaCanvasElement -> OMediaElement -> OMediaWorldPosition -> OMediaWorldAngle -> OMediaElementContainer -> OMediaDBObject -> OMediaClassStreamer -> OMediaListener -> OMediaMessagePort -> CLocalGameObject -> CGameObject,004d4768;004d4778;004d4bc8;004d4bdc,,8,base_framework,1,spec,codex,Medium,placeable:3NEU/3SPR canvas sprite base; loads SpriteDatabase/SpriteIndex/SpriteSize
C3DSpriteType,C3DSprite -> OMediaCanvasElement -> OMediaElement -> OMediaWorldPosition -> OMediaWorldAngle -> OMediaElementContainer -> OMediaDBObject -> OMediaClassStreamer -> OMediaListener -> OMediaMessagePort -> CLocalGameObject -> CGameObject,004b6b10;004b6b20;004b6f70;004b6f84,,2,base_framework,1,spec,codex,Medium,thin sprite type base; reuses C3DSprite canvas load and sets adjusted mode word to 3
C3DStalagtite,C3DAnimated -> C3DObject -> OMedia3DMorphAnim -> OMedia3DShapeElement -> OMediaElement -> OMediaWorldPosition -> OMediaWorldAngle -> OMediaElementContainer -> OMediaDBObject -> OMediaClassStreamer -> OMediaListener -> OMediaMessagePort -> OMediaAnim -> CLocalGameObject -> CGameObject,004b7064;004b7074;004b74c4;004b7500;004b7514,,2,world_props_terrain,7,todo,,,
C3DStartPoint,C3DSprite -> OMediaCanvasElement -> OMediaElement -> OMediaWorldPosition -> OMediaWorldAngle -> OMediaElementContainer -> OMediaDBObject -> OMediaClassStreamer -> OMediaListener -> OMediaMessagePort -> CLocalGameObject -> CGameObject,004b7644;004b7654;004b7aa4;004b7ab8,,3,effects_triggers_nav_cameras_sound,8,todo,,,placeable:STRT init:FUN_004422d0
C3DSteamVent,C3DAnimated -> C3DObject -> OMedia3DMorphAnim -> OMedia3DShapeElement -> OMediaElement -> OMediaWorldPosition -> OMediaWorldAngle -> OMediaElementContainer -> OMediaDBObject -> OMediaClassStreamer -> OMediaListener -> OMediaMessagePort -> OMediaAnim -> CLocalGameObject -> CGameObject,004b7b98;004b7ba8;004b7ff8;004b8034;004b8048,,2,mechanisms_moving_parts,6,todo,,,
C3DSub,C3DFlyingObject -> C3DAnimated -> C3DObject -> OMedia3DMorphAnim -> OMedia3DShapeElement -> OMediaElement -> OMediaWorldPosition -> OMediaWorldAngle -> OMediaElementContainer -> OMediaDBObject -> OMediaClassStreamer -> OMediaListener -> OMediaMessagePort -> OMediaAnim -> CLocalGameObject -> CGameObject,004b817c;004b818c;004b85dc;004b8618;004b862c,,1,vehicles,4,todo,,,
C3DSumo,C3DAnimated -> C3DObject -> OMedia3DMorphAnim -> OMedia3DShapeElement -> OMediaElement -> OMediaWorldPosition -> OMediaWorldAngle -> OMediaElementContainer -> OMediaDBObject -> OMediaClassStreamer -> OMediaListener -> OMediaMessagePort -> OMediaAnim -> CLocalGameObject -> CGameObject,004b876c;004b877c;004b8bcc;004b8c08;004b8c1c,,3,player_friends_npcs,2,spec,codex,Medium,placeable:3SUM; Sumo asset Jimmy escort to StartPoint
C3DSwingDoor,C3DAnimated -> C3DObject -> OMedia3DMorphAnim -> OMedia3DShapeElement -> OMediaElement -> OMediaWorldPosition -> OMediaWorldAngle -> OMediaElementContainer -> OMediaDBObject -> OMediaClassStreamer -> OMediaListener -> OMediaMessagePort -> OMediaAnim -> CLocalGameObject -> CGameObject,004b8d48;004b8d58;004b91a8;004b91e4;004b91f8,,3,mechanisms_moving_parts,6,todo,,,
C3DSwitch,C3DAnimated -> C3DObject -> OMedia3DMorphAnim -> OMedia3DShapeElement -> OMediaElement -> OMediaWorldPosition -> OMediaWorldAngle -> OMediaElementContainer -> OMediaDBObject -> OMediaClassStreamer -> OMediaListener -> OMediaMessagePort -> OMediaAnim -> CLocalGameObject -> CGameObject,004b9324;004b9334;004b9784;004b97c0;004b97d4,,2,mechanisms_moving_parts,6,todo,,,
C3DTank,C3DCar -> C3DVehicle -> C3DObject -> OMedia3DMorphAnim -> OMedia3DShapeElement -> OMediaElement -> OMediaWorldPosition -> OMediaWorldAngle -> OMediaElementContainer -> OMediaDBObject -> OMediaClassStreamer -> OMediaListener -> OMediaMessagePort -> OMediaAnim -> CLocalGameObject -> CGameObject,004b9908;004b9918;004b9d68;004b9da4;004b9db8,,1,enemies_ai,3,todo,,,
C3DTargetCursor,C3DPermanentSprite -> C3DSprite -> OMediaCanvasElement -> OMediaElement -> OMediaWorldPosition -> OMediaWorldAngle -> OMediaElementContainer -> OMediaDBObject -> OMediaClassStreamer -> OMediaListener -> OMediaMessagePort -> CLocalGameObject -> CGameObject,004b9f38;004b9f48;004ba398;004ba3ac,,1,effects_triggers_nav_cameras_sound,8,todo,,,
C3DTeleportFX,C3DAnimated -> C3DObject -> OMedia3DMorphAnim -> OMedia3DShapeElement -> OMediaElement -> OMediaWorldPosition -> OMediaWorldAngle -> OMediaElementContainer -> OMediaDBObject -> OMediaClassStreamer -> OMediaListener -> OMediaMessagePort -> OMediaAnim -> CLocalGameObject -> CGameObject,004ba48c;004ba49c;004ba8ec;004ba928;004ba93c,,1,effects_triggers_nav_cameras_sound,8,todo,,,
C3DTerrain,C3DObject -> OMedia3DMorphAnim -> OMedia3DShapeElement -> OMediaElement -> OMediaWorldPosition -> OMediaWorldAngle -> OMediaElementContainer -> OMediaDBObject -> OMediaClassStreamer -> OMediaListener -> OMediaMessagePort -> OMediaAnim -> CLocalGameObject -> CGameObject,004d4cbc;004d4ccc;004d511c;004d5158;004d516c,,2,world_props_terrain,7,todo,,,
C3DTesla,C3DAnimated -> C3DObject -> OMedia3DMorphAnim -> OMedia3DShapeElement -> OMediaElement -> OMediaWorldPosition -> OMediaWorldAngle -> OMediaElementContainer -> OMediaDBObject -> OMediaClassStreamer -> OMediaListener -> OMediaMessagePort -> OMediaAnim -> CLocalGameObject -> CGameObject,004baa68;004baa78;004baec8;004baf04;004baf18,,7,enemies_ai,3,todo,,,
C3DToolChest,C3DAnimated -> C3DObject -> OMedia3DMorphAnim -> OMedia3DShapeElement -> OMediaElement -> OMediaWorldPosition -> OMediaWorldAngle -> OMediaElementContainer -> OMediaDBObject -> OMediaClassStreamer -> OMediaListener -> OMediaMessagePort -> OMediaAnim -> CLocalGameObject -> CGameObject,004bb04c;004bb05c;004bb4ac;004bb4e8;004bb4fc,,1,world_props_terrain,7,todo,,,placeable:3TOL init:FUN_00445f30
C3DTractorBeam,C3DAnimated -> C3DObject -> OMedia3DMorphAnim -> OMedia3DShapeElement -> OMediaElement -> OMediaWorldPosition -> OMediaWorldAngle -> OMediaElementContainer -> OMediaDBObject -> OMediaClassStreamer -> OMediaListener -> OMediaMessagePort -> OMediaAnim -> CLocalGameObject -> CGameObject,004bb628;004bb638;004bba88;004bbac4;004bbad8,,1,mechanisms_moving_parts,6,todo,,,
C3DTransRepl,C3DAnimated -> C3DObject -> OMedia3DMorphAnim -> OMedia3DShapeElement -> OMediaElement -> OMediaWorldPosition -> OMediaWorldAngle -> OMediaElementContainer -> OMediaDBObject -> OMediaClassStreamer -> OMediaListener -> OMediaMessagePort -> OMediaAnim -> CLocalGameObject -> CGameObject,004bbc0c;004bbc1c;004bc06c;004bc0a8;004bc0bc,,1,creatures_one_off_set_dressing,9,todo,,,
C3DTrashCan,C3DAnimated -> C3DObject -> OMedia3DMorphAnim -> OMedia3DShapeElement -> OMediaElement -> OMediaWorldPosition -> OMediaWorldAngle -> OMediaElementContainer -> OMediaDBObject -> OMediaClassStreamer -> OMediaListener -> OMediaMessagePort -> OMediaAnim -> CLocalGameObject -> CGameObject,004bc1e8;004bc1f8;004bc648;004bc684;004bc698,,1,world_props_terrain,7,todo,,,
C3DTree,C3DSpriteType -> C3DSprite -> OMediaCanvasElement -> OMediaElement -> OMediaWorldPosition -> OMediaWorldAngle -> OMediaElementContainer -> OMediaDBObject -> OMediaClassStreamer -> OMediaListener -> OMediaMessagePort -> CLocalGameObject -> CGameObject,004bc7c4;004bc7d4;004bcc24;004bcc38,,1,world_props_terrain,7,todo,,,placeable:3TRE init:FUN_00446c50
C3DTrigger,C3DSprite -> OMediaCanvasElement -> OMediaElement -> OMediaWorldPosition -> OMediaWorldAngle -> OMediaElementContainer -> OMediaDBObject -> OMediaClassStreamer -> OMediaListener -> OMediaMessagePort -> CLocalGameObject -> CGameObject,004bcd18;004bcd28;004bd178;004bd18c,,2,base_framework,1,spec,codex,Medium,placeable:3TRI standalone trigger; registers activation cascade fields and raw slots handle touch/activation/sound
C3DTriggerType,C3DSprite -> OMediaCanvasElement -> OMediaElement -> OMediaWorldPosition -> OMediaWorldAngle -> OMediaElementContainer -> OMediaDBObject -> OMediaClassStreamer -> OMediaListener -> OMediaMessagePort -> CLocalGameObject -> CGameObject,004bd270;004bd280;004bd6d0;004bd6e4,,2,base_framework,1,spec,codex,Medium,trigger base; registers Toggle/ToggleObject/NextTrigger/FadeType/FadeTime and resolves NextTrigger on activation
C3DUltraLord,C3DFriends -> C3DAI -> C3DAnimated -> C3DObject -> OMedia3DMorphAnim -> OMedia3DShapeElement -> OMediaElement -> OMediaWorldPosition -> OMediaWorldAngle -> OMediaElementContainer -> OMediaDBObject -> OMediaClassStreamer -> OMediaListener -> OMediaMessagePort -> OMediaAnim -> CLocalGameObject -> CGameObject,004bd7cc;004bd7dc;004bdc2c;004bdc68;004bdc7c,,1,enemies_ai,3,todo,,,placeable:3ULT init:FUN_00448310
C3DVRTrophy,C3DAnimated -> C3DObject -> OMedia3DMorphAnim -> OMedia3DShapeElement -> OMediaElement -> OMediaWorldPosition -> OMediaWorldAngle -> OMediaElementContainer -> OMediaDBObject -> OMediaClassStreamer -> OMediaListener -> OMediaMessagePort -> OMediaAnim -> CLocalGameObject -> CGameObject,004be3f4;004be404;004be854;004be890;004be8a4,,3,pickups_items,5,todo,,,placeable:3TRO init:FUN_00448c60
C3DValve,C3DAnimated -> C3DObject -> OMedia3DMorphAnim -> OMedia3DShapeElement -> OMediaElement -> OMediaWorldPosition -> OMediaWorldAngle -> OMediaElementContainer -> OMediaDBObject -> OMediaClassStreamer -> OMediaListener -> OMediaMessagePort -> OMediaAnim -> CLocalGameObject -> CGameObject,004bde10;004bde20;004be270;004be2ac;004be2c0,,7,mechanisms_moving_parts,6,todo,,,
C3DVehicle,C3DObject -> OMedia3DMorphAnim -> OMedia3DShapeElement -> OMediaElement -> OMediaWorldPosition -> OMediaWorldAngle -> OMediaElementContainer -> OMediaDBObject -> OMediaClassStreamer -> OMediaListener -> OMediaMessagePort -> OMediaAnim -> CLocalGameObject -> CGameObject,004d5250;004d5260;004d56b0;004d56ec;004d5700,,15,base_framework,1,spec,codex,Medium,vehicle base with six wheel children input integrator suspension solver and optional viewport
C3DWheel,C3DObject -> OMedia3DMorphAnim -> OMedia3DShapeElement -> OMediaElement -> OMediaWorldPosition -> OMediaWorldAngle -> OMediaElementContainer -> OMediaDBObject -> OMediaClassStreamer -> OMediaListener -> OMediaMessagePort -> OMediaAnim -> CLocalGameObject -> CGameObject,004d58ac;004d58bc;004d5d0c;004d5d48;004d5d5c,,2,vehicles,4,todo,,,
C3DYokBigdoor,C3DYokDoor -> C3DAnimated -> C3DObject -> OMedia3DMorphAnim -> OMedia3DShapeElement -> OMediaElement -> OMediaWorldPosition -> OMediaWorldAngle -> OMediaElementContainer -> OMediaDBObject -> OMediaClassStreamer -> OMediaListener -> OMediaMessagePort -> OMediaAnim -> CLocalGameObject -> CGameObject,004be9d0;004be9e0;004bee30;004bee6c;004bee80,,1,mechanisms_moving_parts,6,todo,,,
C3DYokCargo,C3DAI -> C3DAnimated -> C3DObject -> OMedia3DMorphAnim -> OMedia3DShapeElement -> OMediaElement -> OMediaWorldPosition -> OMediaWorldAngle -> OMediaElementContainer -> OMediaDBObject -> OMediaClassStreamer -> OMediaListener -> OMediaMessagePort -> OMediaAnim -> CLocalGameObject -> CGameObject,004befac;004befbc;004bf40c;004bf448;004bf45c,,2,mechanisms_moving_parts,6,todo,,,
C3DYokDoor,C3DAnimated -> C3DObject -> OMedia3DMorphAnim -> OMedia3DShapeElement -> OMediaElement -> OMediaWorldPosition -> OMediaWorldAngle -> OMediaElementContainer -> OMediaDBObject -> OMediaClassStreamer -> OMediaListener -> OMediaMessagePort -> OMediaAnim -> CLocalGameObject -> CGameObject,004bf5e4;004bf5f4;004bfa44;004bfa80;004bfa94,,4,mechanisms_moving_parts,6,todo,,,placeable:3DOR init:FUN_00449cb0
C3DYokHelmet,C3DAnimated -> C3DObject -> OMedia3DMorphAnim -> OMedia3DShapeElement -> OMediaElement -> OMediaWorldPosition -> OMediaWorldAngle -> OMediaElementContainer -> OMediaDBObject -> OMediaClassStreamer -> OMediaListener -> OMediaMessagePort -> OMediaAnim -> CLocalGameObject -> CGameObject,004bfbc0;004bfbd0;004c0020;004c005c;004c0070,,2,mechanisms_moving_parts,6,todo,,,
C3DYokTurret,C3DAI -> C3DAnimated -> C3DObject -> OMedia3DMorphAnim -> OMedia3DShapeElement -> OMediaElement -> OMediaWorldPosition -> OMediaWorldAngle -> OMediaElementContainer -> OMediaDBObject -> OMediaClassStreamer -> OMediaListener -> OMediaMessagePort -> OMediaAnim -> CLocalGameObject -> CGameObject,004c2638;004c2648;004c2a98;004c2ad4;004c2ae8,,1,enemies_ai,3,todo,,,
C3DYokian,C3DEnemy -> C3DPickupType -> C3DAI -> C3DAnimated -> C3DObject -> OMedia3DMorphAnim -> OMedia3DShapeElement -> OMediaElement -> OMediaWorldPosition -> OMediaWorldAngle -> OMediaElementContainer -> OMediaDBObject -> OMediaClassStreamer -> OMediaListener -> OMediaMessagePort -> OMediaAnim -> CLocalGameObject -> CGameObject,004c019c;004c01ac;004c05fc;004c0638;004c064c,,4,enemies_ai,3,spec,codex,Medium,Yokian enemy base; shadow/shield helpers; hit reaction; attack effect handle
C3DYokianGuard,C3DYokian -> C3DEnemy -> C3DPickupType -> C3DAI -> C3DAnimated -> C3DObject -> OMedia3DMorphAnim -> OMedia3DShapeElement -> OMediaElement -> OMediaWorldPosition -> OMediaWorldAngle -> OMediaElementContainer -> OMediaDBObject -> OMediaClassStreamer -> OMediaListener -> OMediaMessagePort -> OMediaAnim -> CLocalGameObject -> CGameObject,004c07d8;004c07e8;004c0c38;004c0c74;004c0c88,,1,enemies_ai,3,spec,codex,Medium,placeable:3GUA; Yokian guard leaf assets and inherited Yokian AI
C3DYokianShield,C3DSpriteType -> C3DSprite -> OMediaCanvasElement -> OMediaElement -> OMediaWorldPosition -> OMediaWorldAngle -> OMediaElementContainer -> OMediaDBObject -> OMediaClassStreamer -> OMediaListener -> OMediaMessagePort -> CLocalGameObject -> CGameObject,004c0e14;004c0e24;004c1274;004c1288,,1,enemies_ai,3,todo,,,
C3DYokianShip,C3DAI -> C3DAnimated -> C3DObject -> OMedia3DMorphAnim -> OMedia3DShapeElement -> OMediaElement -> OMediaWorldPosition -> OMediaWorldAngle -> OMediaElementContainer -> OMediaDBObject -> OMediaClassStreamer -> OMediaListener -> OMediaMessagePort -> OMediaAnim -> CLocalGameObject -> CGameObject,004c1370;004c1380;004c17d0;004c180c;004c1820,,0,enemies_ai,3,todo,,,
C3DYokianSoldier,C3DYokian -> C3DEnemy -> C3DPickupType -> C3DAI -> C3DAnimated -> C3DObject -> OMedia3DMorphAnim -> OMedia3DShapeElement -> OMediaElement -> OMediaWorldPosition -> OMediaWorldAngle -> OMediaElementContainer -> OMediaDBObject -> OMediaClassStreamer -> OMediaListener -> OMediaMessagePort -> OMediaAnim -> CLocalGameObject -> CGameObject,004c19b4;004c19c4;004c1e14;004c1e50;004c1e64,,1,enemies_ai,3,todo,,,
C3DYokianSpy,C3DYokian -> C3DEnemy -> C3DPickupType -> C3DAI -> C3DAnimated -> C3DObject -> OMedia3DMorphAnim -> OMedia3DShapeElement -> OMediaElement -> OMediaWorldPosition -> OMediaWorldAngle -> OMediaElementContainer -> OMediaDBObject -> OMediaClassStreamer -> OMediaListener -> OMediaMessagePort -> OMediaAnim -> CLocalGameObject -> CGameObject,004c1ffc;004c200c;004c245c;004c2498;004c24ac,,1,enemies_ai,3,todo,,,
CAweReal,OMediaApplication -> OMediaSupervisor -> OMediaMessagePort -> OMediaListener,004d5e4c;004d5e60,,1,level_game_controllers,10,todo,,,
CEditor,OMediaElement -> OMediaWorldPosition -> OMediaWorldAngle -> OMediaElementContainer -> OMediaDBObject -> OMediaClassStreamer -> OMediaListener -> OMediaMessagePort,004d5e7c;004d5e8c;004d5ea0,,12,level_game_controllers,10,todo,,,
CGameObject,OMediaClassStreamer,004d5fec,,80,base_framework,1,spec,codex,Medium,common .gam registration/property-list/lifecycle base
CGameType,OMediaElement -> OMediaWorldPosition -> OMediaWorldAngle -> OMediaElementContainer -> OMediaDBObject -> OMediaClassStreamer -> OMediaListener -> OMediaMessagePort -> CLocalGameObject -> CGameObject,004d641c;004d642c;004d687c;004d6890,,17,base_framework,1,spec,codex,Medium,GAME base controller lifecycle databases terrain loader and global player update target
CGfx,,004d69ec,,1,base_framework,1,spec,codex,Medium,scalar deleting dtor only; no observed instance fields
CJimmyGame,CGameType -> OMediaElement -> OMediaWorldPosition -> OMediaWorldAngle -> OMediaElementContainer -> OMediaDBObject -> OMediaClassStreamer -> OMediaListener -> OMediaMessagePort -> CLocalGameObject -> CGameObject,004c2c74;004c2c84;004c30d4;004c30e8,,11,level_game_controllers,10,todo,,,
CLevel01AGame,CJimmyGame -> CGameType -> OMediaElement -> OMediaWorldPosition -> OMediaWorldAngle -> OMediaElementContainer -> OMediaDBObject -> OMediaClassStreamer -> OMediaListener -> OMediaMessagePort -> CLocalGameObject -> CGameObject,004c326c;004c327c;004c36cc;004c36e0,,0,level_game_controllers,10,todo,,,
CLevel01BGame,CJimmyGame -> CGameType -> OMediaElement -> OMediaWorldPosition -> OMediaWorldAngle -> OMediaElementContainer -> OMediaDBObject -> OMediaClassStreamer -> OMediaListener -> OMediaMessagePort -> CLocalGameObject -> CGameObject,004c385c;004c386c;004c3cbc;004c3cd0,,0,level_game_controllers,10,todo,,,
CLevel01CGame,CJimmyGame -> CGameType -> OMediaElement -> OMediaWorldPosition -> OMediaWorldAngle -> OMediaElementContainer -> OMediaDBObject -> OMediaClassStreamer -> OMediaListener -> OMediaMessagePort -> CLocalGameObject -> CGameObject,004c3e4c;004c3e5c;004c42ac;004c42c0,,0,level_game_controllers,10,todo,,,
CLevel01DGame,CJimmyGame -> CGameType -> OMediaElement -> OMediaWorldPosition -> OMediaWorldAngle -> OMediaElementContainer -> OMediaDBObject -> OMediaClassStreamer -> OMediaListener -> OMediaMessagePort -> CLocalGameObject -> CGameObject,004c443c;004c444c;004c489c;004c48b0,,0,level_game_controllers,10,todo,,,
CLevel01EGame,CJimmyGame -> CGameType -> OMediaElement -> OMediaWorldPosition -> OMediaWorldAngle -> OMediaElementContainer -> OMediaDBObject -> OMediaClassStreamer -> OMediaListener -> OMediaMessagePort -> CLocalGameObject -> CGameObject,004c4a2c;004c4a3c;004c4e8c;004c4ea0,,0,level_game_controllers,10,todo,,,
CLevel01FGame,CJimmyGame -> CGameType -> OMediaElement -> OMediaWorldPosition -> OMediaWorldAngle -> OMediaElementContainer -> OMediaDBObject -> OMediaClassStreamer -> OMediaListener -> OMediaMessagePort -> CLocalGameObject -> CGameObject,004c501c;004c502c;004c547c;004c5490,,0,level_game_controllers,10,todo,,,
CLevel01Game,CJimmyGame -> CGameType -> OMediaElement -> OMediaWorldPosition -> OMediaWorldAngle -> OMediaElementContainer -> OMediaDBObject -> OMediaClassStreamer -> OMediaListener -> OMediaMessagePort -> CLocalGameObject -> CGameObject,004c560c;004c561c;004c5a6c;004c5a80,,0,level_game_controllers,10,todo,,,
CLevel02AGame,CJimmyGame -> CGameType -> OMediaElement -> OMediaWorldPosition -> OMediaWorldAngle -> OMediaElementContainer -> OMediaDBObject -> OMediaClassStreamer -> OMediaListener -> OMediaMessagePort -> CLocalGameObject -> CGameObject,004c5bfc;004c5c0c;004c605c;004c6070,,1,level_game_controllers,10,todo,,,
CLevel02BGame,CJimmyGame -> CGameType -> OMediaElement -> OMediaWorldPosition -> OMediaWorldAngle -> OMediaElementContainer -> OMediaDBObject -> OMediaClassStreamer -> OMediaListener -> OMediaMessagePort -> CLocalGameObject -> CGameObject,004c61ec;004c61fc;004c664c;004c6660,,0,level_game_controllers,10,todo,,,
CLevel02Game,CJimmyGame -> CGameType -> OMediaElement -> OMediaWorldPosition -> OMediaWorldAngle -> OMediaElementContainer -> OMediaDBObject -> OMediaClassStreamer -> OMediaListener -> OMediaMessagePort -> CLocalGameObject -> CGameObject,004c67dc;004c67ec;004c6c3c;004c6c50,,0,level_game_controllers,10,todo,,,
CLevel03AGame,CJimmyGame -> CGameType -> OMediaElement -> OMediaWorldPosition -> OMediaWorldAngle -> OMediaElementContainer -> OMediaDBObject -> OMediaClassStreamer -> OMediaListener -> OMediaMessagePort -> CLocalGameObject -> CGameObject,004c6dcc;004c6ddc;004c722c;004c7240,,0,level_game_controllers,10,todo,,,
CLevel03BGame,CJimmyGame -> CGameType -> OMediaElement -> OMediaWorldPosition -> OMediaWorldAngle -> OMediaElementContainer -> OMediaDBObject -> OMediaClassStreamer -> OMediaListener -> OMediaMessagePort -> CLocalGameObject -> CGameObject,004c73bc;004c73cc;004c781c;004c7830,,0,level_game_controllers,10,todo,,,
CLevel03CGame,CJimmyGame -> CGameType -> OMediaElement -> OMediaWorldPosition -> OMediaWorldAngle -> OMediaElementContainer -> OMediaDBObject -> OMediaClassStreamer -> OMediaListener -> OMediaMessagePort -> CLocalGameObject -> CGameObject,004c79ac;004c79bc;004c7e0c;004c7e20,,0,level_game_controllers,10,todo,,,
CLevel03DGame,CJimmyGame -> CGameType -> OMediaElement -> OMediaWorldPosition -> OMediaWorldAngle -> OMediaElementContainer -> OMediaDBObject -> OMediaClassStreamer -> OMediaListener -> OMediaMessagePort -> CLocalGameObject -> CGameObject,004c7f9c;004c7fac;004c83fc;004c8410,,0,level_game_controllers,10,todo,,,
CLevel03EGame,CJimmyGame -> CGameType -> OMediaElement -> OMediaWorldPosition -> OMediaWorldAngle -> OMediaElementContainer -> OMediaDBObject -> OMediaClassStreamer -> OMediaListener -> OMediaMessagePort -> CLocalGameObject -> CGameObject,004c858c;004c859c;004c89ec;004c8a00,,0,level_game_controllers,10,todo,,,
CLevel03Game,CJimmyGame -> CGameType -> OMediaElement -> OMediaWorldPosition -> OMediaWorldAngle -> OMediaElementContainer -> OMediaDBObject -> OMediaClassStreamer -> OMediaListener -> OMediaMessagePort -> CLocalGameObject -> CGameObject,004c8b7c;004c8b8c;004c8fdc;004c8ff0,,0,level_game_controllers,10,todo,,,
CLevel04AGame,CJimmyGame -> CGameType -> OMediaElement -> OMediaWorldPosition -> OMediaWorldAngle -> OMediaElementContainer -> OMediaDBObject -> OMediaClassStreamer -> OMediaListener -> OMediaMessagePort -> CLocalGameObject -> CGameObject,004c916c;004c917c;004c95cc;004c95e0,,0,level_game_controllers,10,todo,,,
CLevel04BGame,CJimmyGame -> CGameType -> OMediaElement -> OMediaWorldPosition -> OMediaWorldAngle -> OMediaElementContainer -> OMediaDBObject -> OMediaClassStreamer -> OMediaListener -> OMediaMessagePort -> CLocalGameObject -> CGameObject,004c975c;004c976c;004c9bbc;004c9bd0,,2,level_game_controllers,10,todo,,,
CLevel04CGame,CJimmyGame -> CGameType -> OMediaElement -> OMediaWorldPosition -> OMediaWorldAngle -> OMediaElementContainer -> OMediaDBObject -> OMediaClassStreamer -> OMediaListener -> OMediaMessagePort -> CLocalGameObject -> CGameObject,004c9d5c;004c9d6c;004ca1bc;004ca1d0,,0,level_game_controllers,10,todo,,,
CLevel04DGame,CJimmyGame -> CGameType -> OMediaElement -> OMediaWorldPosition -> OMediaWorldAngle -> OMediaElementContainer -> OMediaDBObject -> OMediaClassStreamer -> OMediaListener -> OMediaMessagePort -> CLocalGameObject -> CGameObject,004ca34c;004ca35c;004ca7ac;004ca7c0,,0,level_game_controllers,10,todo,,,
CLevel04Game,CJimmyGame -> CGameType -> OMediaElement -> OMediaWorldPosition -> OMediaWorldAngle -> OMediaElementContainer -> OMediaDBObject -> OMediaClassStreamer -> OMediaListener -> OMediaMessagePort -> CLocalGameObject -> CGameObject,004ca93c;004ca94c;004cad9c;004cadb0,,0,level_game_controllers,10,todo,,,
CLevel05AGame,CJimmyGame -> CGameType -> OMediaElement -> OMediaWorldPosition -> OMediaWorldAngle -> OMediaElementContainer -> OMediaDBObject -> OMediaClassStreamer -> OMediaListener -> OMediaMessagePort -> CLocalGameObject -> CGameObject,004caf2c;004caf3c;004cb38c;004cb3a0,,0,level_game_controllers,10,todo,,,
CLevel05BGame,CJimmyGame -> CGameType -> OMediaElement -> OMediaWorldPosition -> OMediaWorldAngle -> OMediaElementContainer -> OMediaDBObject -> OMediaClassStreamer -> OMediaListener -> OMediaMessagePort -> CLocalGameObject -> CGameObject,004cb51c;004cb52c;004cb97c;004cb990,,1,level_game_controllers,10,todo,,,
CLevel05Game,CJimmyGame -> CGameType -> OMediaElement -> OMediaWorldPosition -> OMediaWorldAngle -> OMediaElementContainer -> OMediaDBObject -> OMediaClassStreamer -> OMediaListener -> OMediaMessagePort -> CLocalGameObject -> CGameObject,004cbb0c;004cbb1c;004cbf6c;004cbf80,,0,level_game_controllers,10,todo,,,
CLevel06AGame,CJimmyGame -> CGameType -> OMediaElement -> OMediaWorldPosition -> OMediaWorldAngle -> OMediaElementContainer -> OMediaDBObject -> OMediaClassStreamer -> OMediaListener -> OMediaMessagePort -> CLocalGameObject -> CGameObject,004cc0fc;004cc10c;004cc55c;004cc570,,0,level_game_controllers,10,todo,,,
CLevel06Game,CJimmyGame -> CGameType -> OMediaElement -> OMediaWorldPosition -> OMediaWorldAngle -> OMediaElementContainer -> OMediaDBObject -> OMediaClassStreamer -> OMediaListener -> OMediaMessagePort -> CLocalGameObject -> CGameObject,004cc6ec;004cc6fc;004ccb4c;004ccb60,,0,level_game_controllers,10,todo,,,
CLevel07Game,CJimmyGame -> CGameType -> OMediaElement -> OMediaWorldPosition -> OMediaWorldAngle -> OMediaElementContainer -> OMediaDBObject -> OMediaClassStreamer -> OMediaListener -> OMediaMessagePort -> CLocalGameObject -> CGameObject,004cccdc;004cccec;004cd13c;004cd150,,0,level_game_controllers,10,todo,,,
CLevelVR01,CJimmyGame -> CGameType -> OMediaElement -> OMediaWorldPosition -> OMediaWorldAngle -> OMediaElementContainer -> OMediaDBObject -> OMediaClassStreamer -> OMediaListener -> OMediaMessagePort -> CLocalGameObject -> CGameObject,004cd2cc;004cd2dc;004cd72c;004cd740,,1,level_game_controllers,10,todo,,,
CLevelVR02,CJimmyGame -> CGameType -> OMediaElement -> OMediaWorldPosition -> OMediaWorldAngle -> OMediaElementContainer -> OMediaDBObject -> OMediaClassStreamer -> OMediaListener -> OMediaMessagePort -> CLocalGameObject -> CGameObject,004cd8bc;004cd8cc;004cdd1c;004cdd30,,1,level_game_controllers,10,todo,,,
CLevelVR03,CJimmyGame -> CGameType -> OMediaElement -> OMediaWorldPosition -> OMediaWorldAngle -> OMediaElementContainer -> OMediaDBObject -> OMediaClassStreamer -> OMediaListener -> OMediaMessagePort -> CLocalGameObject -> CGameObject,004cdeac;004cdebc;004ce30c;004ce320,,1,level_game_controllers,10,todo,,,
CLevelVR04,CJimmyGame -> CGameType -> OMediaElement -> OMediaWorldPosition -> OMediaWorldAngle -> OMediaElementContainer -> OMediaDBObject -> OMediaClassStreamer -> OMediaListener -> OMediaMessagePort -> CLocalGameObject -> CGameObject,004ce49c;004ce4ac;004ce8fc;004ce910,,1,level_game_controllers,10,todo,,,
CLevelVR05,CJimmyGame -> CGameType -> OMediaElement -> OMediaWorldPosition -> OMediaWorldAngle -> OMediaElementContainer -> OMediaDBObject -> OMediaClassStreamer -> OMediaListener -> OMediaMessagePort -> CLocalGameObject -> CGameObject,004cea8c;004cea9c;004ceeec;004cef00,,1,level_game_controllers,10,todo,,,
CLevelVR06,CJimmyGame -> CGameType -> OMediaElement -> OMediaWorldPosition -> OMediaWorldAngle -> OMediaElementContainer -> OMediaDBObject -> OMediaClassStreamer -> OMediaListener -> OMediaMessagePort -> CLocalGameObject -> CGameObject,004cf07c;004cf08c;004cf4dc;004cf4f0,,1,level_game_controllers,10,todo,,,
CLevelVR07,CJimmyGame -> CGameType -> OMediaElement -> OMediaWorldPosition -> OMediaWorldAngle -> OMediaElementContainer -> OMediaDBObject -> OMediaClassStreamer -> OMediaListener -> OMediaMessagePort -> CLocalGameObject -> CGameObject,004cf66c;004cf67c;004cfacc;004cfae0,,1,level_game_controllers,10,todo,,,
CLevelVR08,CJimmyGame -> CGameType -> OMediaElement -> OMediaWorldPosition -> OMediaWorldAngle -> OMediaElementContainer -> OMediaDBObject -> OMediaClassStreamer -> OMediaListener -> OMediaMessagePort -> CLocalGameObject -> CGameObject,004cfc5c;004cfc6c;004d00bc;004d00d0,,1,level_game_controllers,10,todo,,,
CLoadLevel,C3DSprite -> OMediaCanvasElement -> OMediaElement -> OMediaWorldPosition -> OMediaWorldAngle -> OMediaElementContainer -> OMediaDBObject -> OMediaClassStreamer -> OMediaListener -> OMediaMessagePort -> CLocalGameObject -> CGameObject,004d024c;004d025c;004d06ac;004d06c0,,2,level_game_controllers,10,todo,,,placeable:LOAD init:FUN_00457b10
CLocalGameObject,CGameObject -> OMediaClassStreamer,004d07ac,,12,base_framework,1,spec,codex,Medium,adds TaskName/Debug and local database resources
CMainMenu,CJimmyGame -> CGameType -> OMediaElement -> OMediaWorldPosition -> OMediaWorldAngle -> OMediaElementContainer -> OMediaDBObject -> OMediaClassStreamer -> OMediaListener -> OMediaMessagePort -> CLocalGameObject -> CGameObject,004d0bfc;004d0c0c;004d105c;004d1070,,1,level_game_controllers,10,todo,,,
CMenuElement,OMediaCanvasElement -> OMediaElement -> OMediaWorldPosition -> OMediaWorldAngle -> OMediaElementContainer -> OMediaDBObject -> OMediaClassStreamer -> OMediaListener -> OMediaMessagePort -> MagicHatTarget -> CGameObject,004d11ec;004d11fc;004d161c;004d1630;004d1640,,2,level_game_controllers,10,todo,,,
CPickupType,C3DTriggerType -> C3DSprite -> OMediaCanvasElement -> OMediaElement -> OMediaWorldPosition -> OMediaWorldAngle -> OMediaElementContainer -> OMediaDBObject -> OMediaClassStreamer -> OMediaListener -> OMediaMessagePort -> CLocalGameObject -> CGameObject,004d1724;004d1734;004d1b84;004d1b98,,3,base_framework,1,spec,codex,Medium,pickup trigger base; registers PickupIndex/PIC_NUMBER/RequiredLevel/ExactLevel and checks global pickup state
CTaskList,CLocalGameObject -> CGameObject -> OMediaClassStreamer,004d1c7c,,2,effects_triggers_nav_cameras_sound,8,todo,,,
CTrigger,C3DLight -> OMediaLight -> OMediaElement -> OMediaWorldPosition -> OMediaWorldAngle -> OMediaElementContainer -> OMediaDBObject -> OMediaClassStreamer -> OMediaListener -> OMediaMessagePort -> CLocalGameObject -> CGameObject,004d6a1c;004d6a2c;004d6e7c;004d6e90,,4,effects_triggers_nav_cameras_sound,8,todo,,,
CTriggerTimer,CTrigger -> C3DLight -> OMediaLight -> OMediaElement -> OMediaWorldPosition -> OMediaWorldAngle -> OMediaElementContainer -> OMediaDBObject -> OMediaClassStreamer -> OMediaListener -> OMediaMessagePort -> CLocalGameObject -> CGameObject,004d6f54;004d6f64;004d73b4;004d73c8,,1,effects_triggers_nav_cameras_sound,8,todo,,,
CViewPort,OMediaViewPort -> OMediaElement -> OMediaWorldPosition -> OMediaWorldAngle -> OMediaElementContainer -> OMediaDBObject -> OMediaClassStreamer -> OMediaListener -> OMediaMessagePort -> OMediaSupervisor,004d748c;004d749c;004d74b0;004d74c4,,1,base_framework,1,spec,codex,Medium,runtime viewport frame-step wrapper with timing globals no gam rows
CWayPoint,C3DSphere -> C3DObject -> OMedia3DMorphAnim -> OMedia3DShapeElement -> OMediaElement -> OMediaWorldPosition -> OMediaWorldAngle -> OMediaElementContainer -> OMediaDBObject -> OMediaClassStreamer -> OMediaListener -> OMediaMessagePort -> OMediaAnim -> CLocalGameObject -> CGameObject,004d75a8;004d75b8;004d7a08;004d7a44;004d7a58,,0,effects_triggers_nav_cameras_sound,8,todo,,,
