ordinal,mangled_name
1,"??0OMedia3DMaterial@@QAE@ABV0@@Z"
2,"??0OMedia3DMaterial@@QAE@XZ"
3,"??0OMedia3DMorphAnim@@QAE@XZ"
4,"??0OMedia3DMorphAnimDef@@QAE@XZ"
5,"??0OMedia3DMorphAnimFrame@@QAE@XZ"
6,"??0OMedia3DPolygon@@QAE@ABV0@@Z"
7,"??0OMedia3DPolygon@@QAE@XZ"
8,"??0OMedia3DShape@@QAE@XZ"
9,"??0OMedia3DShapeAnim@@QAE@XZ"
10,"??0OMedia3DShapeAnimDef@@QAE@XZ"
11,"??0OMedia3DShapeAnimFrame@@QAE@XZ"
12,"??0OMedia3DShapeConverter@@QAE@PAVOMediaStreamOperators@@PAVOMedia3DShape@@@Z"
13,"??0OMedia3DShapeElement@@QAE@XZ"
14,"??0OMediaASEConverter@@QAE@PAVOMediaStreamOperators@@PAVOMedia3DShape@@@Z"
15,"??0OMediaAbstractButton@@QAE@XZ"
16,"??0OMediaAnim@@QAE@XZ"
17,"??0OMediaAnimDef@@QAE@XZ"
18,"??0OMediaAnimFrame@@QAE@XZ"
19,"??0OMediaAnimPeriodical@@QAE@XZ"
20,"??0OMediaApplication@@QAE@W4omt_InitAppHints@@_N@Z"
21,"??0OMediaBroadcaster@@QAE@XZ"
22,"??0OMediaCanvas@@QAE@XZ"
23,"??0OMediaCanvasAnim@@QAE@XZ"
24,"??0OMediaCanvasAnimDef@@QAE@XZ"
25,"??0OMediaCanvasAnimFrame@@QAE@XZ"
26,"??0OMediaCanvasButton@@QAE@XZ"
27,"??0OMediaCanvasConverter@@QAE@PAVOMediaStreamOperators@@PAVOMediaCanvas@@@Z"
28,"??0OMediaCanvasElement@@QAE@XZ"
29,"??0OMediaCanvasFont@@QAE@XZ"
30,"??0OMediaCanvasSlave@@QAE@PAVOMediaEngine@@PAVOMediaCanvas@@@Z"
31,"??0OMediaCaption@@QAE@XZ"
32,"??0OMediaClassStreamer@@QAE@XZ"
33,"??0OMediaCollisionCache@@QAE@XZ"
34,"??0OMediaCosSinTable@@QAE@XZ"
35,"??0OMediaDBObject@@QAE@XZ"
36,"??0OMediaDBObjectStreamLink@@QAE@XZ"
37,"??0OMediaDXCanvas@@QAE@PAVOMediaDXRenderTarget@@PAVOMediaCanvas@@K@Z"
38,"??0OMediaDXFConverter@@QAE@PAVOMediaStreamOperators@@PAVOMedia3DShape@@@Z"
39,"??0OMediaDXFFEffect@@QAE@PAVOMediaDXFFEffectType@@@Z"
40,"??0OMediaDXFFEffectType@@QAE@PAVOMediaHumanInterfaceDevice@@W4omt_FFEffectType@@W4omt_FFEffectSubType@@V?$basic_string@DU?$char_traits@D@std@@V?$allocator@D@2@@std@@GG@Z"
41,"??0OMediaDXHID@@QAE@PAVOMediaInputEngine@@@Z"
42,"??0OMediaDXHIDElement@@QAE@PAVOMediaHumanInterfaceDevice@@@Z"
43,"??0OMediaDXInputEngine@@QAE@PAVOMediaWindow@@@Z"
44,"??0OMediaDXOffscreenBuffer@@IAE@PAVOMediaVideoEngine@@JJW4omt_OffscreenBufferPixelFormat@@@Z"
45,"??0OMediaDXRenderPort@@QAE@PAVOMediaRenderTarget@@@Z"
46,"??0OMediaDXRenderer@@QAE@PAVOMediaVideoEngine@@PAVOMediaRendererDef@@G@Z"
47,"??0OMediaDXSound@@QAE@PAVOMediaDXSoundEngine@@PAVOMediaSound@@@Z"
48,"??0OMediaDXSoundChannel@@QAE@XZ"
49,"??0OMediaDXSoundEngine@@QAE@PAVOMediaWindow@@@Z"
50,"??0OMediaDXVideoEngine@@QAE@PAVOMediaWindow@@@Z"
51,"??0OMediaDataBase@@QAE@PAVOMediaStream@@@Z"
52,"??0OMediaElement@@QAE@XZ"
53,"??0OMediaElementContainer@@QAE@XZ"
54,"??0OMediaEngineFactory@@QAE@XZ"
55,"??0OMediaEventManager@@QAE@XZ"
56,"??0OMediaFFEffect@@IAE@PAVOMediaFFEffectType@@@Z"
57,"??0OMediaFFEffectType@@QAE@PAVOMediaHumanInterfaceDevice@@@Z"
58,"??0OMediaFilePath@@QAE@V?$basic_string@DU?$char_traits@D@std@@V?$allocator@D@2@@std@@KK@Z"
59,"??0OMediaFilePath@@QAE@V?$basic_string@DU?$char_traits@D@std@@V?$allocator@D@2@@std@@PBV0@KK@Z"
60,"??0OMediaFilePath@@QAE@XZ"
61,"??0OMediaFileStream@@QAE@XZ"
62,"??0OMediaFormattedStream@@QAE@PAVOMediaStream@@@Z"
63,"??0OMediaFullscreenWindow@@QAE@PAVOMediaSupervisor@@_N@Z"
64,"??0OMediaGIFConverter@@QAE@PAVOMediaStreamOperators@@PAVOMediaCanvas@@@Z"
65,"??0OMediaHIDElement@@QAE@PAVOMediaHumanInterfaceDevice@@@Z"
66,"??0OMediaHumanInterfaceDevice@@QAE@PAVOMediaInputEngine@@@Z"
67,"??0OMediaInputEngine@@QAE@W4omt_EngineID@@PAVOMediaWindow@@@Z"
68,"??0OMediaLayer@@QAE@XZ"
69,"??0OMediaLight@@QAE@XZ"
70,"??0OMediaListener@@QAE@XZ"
71,"??0OMediaMemStream@@QAE@XZ"
72,"??0OMediaMoveableMem@@QAE@J@Z"
73,"??0OMediaOMTCanvas@@QAE@PAVOMediaOMTRenderTarget@@PAVOMediaCanvas@@K@Z"
74,"??0OMediaOMTConverter@@QAE@PAVOMediaStreamOperators@@PAVOMediaCanvas@@@Z"
75,"??0OMediaOMTRenderPort@@QAE@PAVOMediaRenderTarget@@@Z"
76,"??0OMediaOMTRenderer@@QAE@PAVOMediaVideoEngine@@PAVOMediaRendererDef@@G@Z"
77,"??0OMediaOffscreenBuffer@@IAE@PAVOMediaVideoEngine@@JJW4omt_OffscreenBufferPixelFormat@@@Z"
78,"??0OMediaPNGConverter@@QAE@PAVOMediaStreamOperators@@PAVOMediaCanvas@@@Z"
79,"??0OMediaParticleEmitter@@QAE@XZ"
80,"??0OMediaPeriodical@@QAE@XZ"
81,"??0OMediaPipeline@@QAE@PAVOMediaPipe2RendererInterface@@@Z"
82,"??0OMediaPrimitiveElement@@QAE@XZ"
83,"??0OMediaRadioGroup@@QAE@XZ"
84,"??0OMediaRenderPort@@QAE@PAVOMediaRenderTarget@@@Z"
85,"??0OMediaRenderer@@QAE@PAVOMediaVideoEngine@@PAVOMediaRendererDef@@G@Z"
86,"??0OMediaRetarget@@QAE@W4omt_RetargetId@@@Z"
87,"??0OMediaScroller@@QAE@XZ"
88,"??0OMediaSerialStream@@QAE@XZ"
89,"??0OMediaSingleWindow@@QAE@PAVOMediaSupervisor@@_N1@Z"
90,"??0OMediaSlider@@QAE@XZ"
91,"??0OMediaSound@@QAE@XZ"
92,"??0OMediaSoundChannel@@QAE@XZ"
93,"??0OMediaSoundEngine@@QAE@W4omt_EngineID@@PAVOMediaWindow@@@Z"
94,"??0OMediaStdButton@@QAE@XZ"
95,"??0OMediaStream@@QAE@XZ"
96,"??0OMediaStreamOperators@@QAE@XZ"
97,"??0OMediaStringField@@QAE@XZ"
98,"??0OMediaSupervisor@@QAE@PAV0@@Z"
99,"??0OMediaSupervisor@@QAE@XZ"
100,"??0OMediaSurfaceElement@@QAE@XZ"
101,"??0OMediaVideoEngine@@QAE@W4omt_EngineID@@PAVOMediaWindow@@@Z"
102,"??0OMediaViewPort@@QAE@PAVOMediaSupervisor@@@Z"
103,"??0OMediaWinHID_Keyboard@@QAE@PAVOMediaInputEngine@@@Z"
104,"??0OMediaWinInputEngine@@QAE@PAVOMediaWindow@@_NW4omt_EngineID@@@Z"
105,"??0OMediaWinOffscreenBuffer@@QAE@PAVOMediaVideoEngine@@JJW4omt_OffscreenBufferPixelFormat@@@Z"
106,"??0OMediaWinRtgFilePath@@QAE@XZ"
107,"??0OMediaWinRtgMoveMem@@QAE@XZ"
108,"??0OMediaWinRtgSerialStream@@QAE@XZ"
109,"??0OMediaWinRtgSound@@QAE@XZ"
110,"??0OMediaWinSoundChannel@@QAE@XZ"
111,"??0OMediaWinSoundEngine@@QAE@PAVOMediaWindow@@@Z"
112,"??0OMediaWinVideoEngine@@QAE@PAVOMediaWindow@@@Z"
113,"??0OMediaWindow@@QAE@PAVOMediaSupervisor@@@Z"
114,"??0OMediaWorld@@QAE@XZ"
115,"??0OMediaXSIConverter@@QAE@PAVOMediaStreamOperators@@PAVOMedia3DShape@@@Z"
116,"??1OMedia3DMaterial@@UAE@XZ"
117,"??1OMedia3DMorphAnim@@UAE@XZ"
118,"??1OMedia3DMorphAnimDef@@UAE@XZ"
119,"??1OMedia3DMorphAnimFrame@@UAE@XZ"
120,"??1OMedia3DPolygon@@UAE@XZ"
121,"??1OMedia3DShape@@UAE@XZ"
122,"??1OMedia3DShapeAnim@@UAE@XZ"
123,"??1OMedia3DShapeAnimDef@@UAE@XZ"
124,"??1OMedia3DShapeAnimFrame@@UAE@XZ"
125,"??1OMedia3DShapeConverter@@UAE@XZ"
126,"??1OMedia3DShapeElement@@UAE@XZ"
127,"??1OMediaASEConverter@@UAE@XZ"
128,"??1OMediaAbstractButton@@UAE@XZ"
129,"??1OMediaAnim@@UAE@XZ"
130,"??1OMediaAnimDef@@UAE@XZ"
131,"??1OMediaAnimFrame@@UAE@XZ"
132,"??1OMediaAnimPeriodical@@UAE@XZ"
133,"??1OMediaApplication@@UAE@XZ"
134,"??1OMediaBroadcaster@@UAE@XZ"
135,"??1OMediaCanvas@@UAE@XZ"
136,"??1OMediaCanvasAnim@@UAE@XZ"
137,"??1OMediaCanvasAnimDef@@UAE@XZ"
138,"??1OMediaCanvasAnimFrame@@UAE@XZ"
139,"??1OMediaCanvasButton@@UAE@XZ"
140,"??1OMediaCanvasConverter@@UAE@XZ"
141,"??1OMediaCanvasElement@@UAE@XZ"
142,"??1OMediaCanvasFont@@UAE@XZ"
143,"??1OMediaCanvasSlave@@UAE@XZ"
144,"??1OMediaCaption@@UAE@XZ"
145,"??1OMediaClassStreamer@@UAE@XZ"
146,"??1OMediaCollisionCache@@UAE@XZ"
147,"??1OMediaDBObject@@UAE@XZ"
148,"??1OMediaDBObjectStreamLink@@UAE@XZ"
149,"??1OMediaDXCanvas@@UAE@XZ"
150,"??1OMediaDXFConverter@@UAE@XZ"
151,"??1OMediaDXFFEffect@@UAE@XZ"
152,"??1OMediaDXFFEffectType@@UAE@XZ"
153,"??1OMediaDXHID@@UAE@XZ"
154,"??1OMediaDXInputEngine@@UAE@XZ"
155,"??1OMediaDXOffscreenBuffer@@UAE@XZ"
156,"??1OMediaDXRenderPort@@UAE@XZ"
157,"??1OMediaDXRenderer@@UAE@XZ"
158,"??1OMediaDXSound@@UAE@XZ"
159,"??1OMediaDXSoundChannel@@UAE@XZ"
160,"??1OMediaDXSoundEngine@@UAE@XZ"
161,"??1OMediaDXVideoEngine@@UAE@XZ"
162,"??1OMediaDataBase@@UAE@XZ"
163,"??1OMediaElement@@UAE@XZ"
164,"??1OMediaElementContainer@@UAE@XZ"
165,"??1OMediaEngineFactory@@UAE@XZ"
166,"??1OMediaEventManager@@UAE@XZ"
167,"??1OMediaFFEffect@@MAE@XZ"
168,"??1OMediaFFEffectType@@UAE@XZ"
169,"??1OMediaFilePath@@UAE@XZ"
170,"??1OMediaFileStream@@UAE@XZ"
171,"??1OMediaFormattedStream@@UAE@XZ"
172,"??1OMediaFullscreenWindow@@UAE@XZ"
173,"??1OMediaGIFConverter@@UAE@XZ"
174,"??1OMediaHIDElement@@UAE@XZ"
175,"??1OMediaHumanInterfaceDevice@@UAE@XZ"
176,"??1OMediaInputEngine@@UAE@XZ"
177,"??1OMediaLayer@@UAE@XZ"
178,"??1OMediaLight@@UAE@XZ"
179,"??1OMediaListener@@UAE@XZ"
180,"??1OMediaMemStream@@UAE@XZ"
181,"??1OMediaMoveableMem@@UAE@XZ"
182,"??1OMediaOMTCanvas@@UAE@XZ"
183,"??1OMediaOMTConverter@@UAE@XZ"
184,"??1OMediaOMTRenderPort@@UAE@XZ"
185,"??1OMediaOMTRenderer@@UAE@XZ"
186,"??1OMediaOffscreenBuffer@@UAE@XZ"
187,"??1OMediaPNGConverter@@UAE@XZ"
188,"??1OMediaParticleEmitter@@UAE@XZ"
189,"??1OMediaPeriodical@@UAE@XZ"
190,"??1OMediaPipeline@@UAE@XZ"
191,"??1OMediaPrimitiveElement@@UAE@XZ"
192,"??1OMediaRadioGroup@@UAE@XZ"
193,"??1OMediaRenderPort@@UAE@XZ"
194,"??1OMediaRenderer@@UAE@XZ"
195,"??1OMediaRetarget@@UAE@XZ"
196,"??1OMediaScroller@@UAE@XZ"
197,"??1OMediaSerialStream@@UAE@XZ"
198,"??1OMediaSingleWindow@@UAE@XZ"
199,"??1OMediaSlider@@UAE@XZ"
200,"??1OMediaSound@@UAE@XZ"
201,"??1OMediaSoundChannel@@UAE@XZ"
202,"??1OMediaSoundEngine@@UAE@XZ"
203,"??1OMediaStdButton@@UAE@XZ"
204,"??1OMediaStream@@UAE@XZ"
205,"??1OMediaStreamOperators@@UAE@XZ"
206,"??1OMediaStringField@@UAE@XZ"
207,"??1OMediaSupervisor@@UAE@XZ"
208,"??1OMediaSurfaceElement@@UAE@XZ"
209,"??1OMediaVideoEngine@@UAE@XZ"
210,"??1OMediaViewPort@@UAE@XZ"
211,"??1OMediaWinHID_Keyboard@@UAE@XZ"
212,"??1OMediaWinInputEngine@@UAE@XZ"
213,"??1OMediaWinOffscreenBuffer@@UAE@XZ"
214,"??1OMediaWinRtgFilePath@@UAE@XZ"
215,"??1OMediaWinRtgMoveMem@@UAE@XZ"
216,"??1OMediaWinRtgSerialStream@@UAE@XZ"
217,"??1OMediaWinRtgSound@@UAE@XZ"
218,"??1OMediaWinSoundChannel@@UAE@XZ"
219,"??1OMediaWinSoundEngine@@UAE@XZ"
220,"??1OMediaWinVideoEngine@@UAE@XZ"
221,"??1OMediaWindow@@UAE@XZ"
222,"??1OMediaWorld@@UAE@XZ"
223,"??1OMediaXSIConverter@@UAE@XZ"
224,"??4OMedia3DPolygon@@QAEAAV0@ABV0@@Z"
225,"??4OMedia3DShape@@QAEAAV0@ABV0@@Z"
226,"??5OMediaStreamOperators@@QAEAAV0@AAD@Z"
227,"??5OMediaStreamOperators@@QAEAAV0@AAE@Z"
228,"??5OMediaStreamOperators@@QAEAAV0@AAF@Z"
229,"??5OMediaStreamOperators@@QAEAAV0@AAG@Z"
230,"??5OMediaStreamOperators@@QAEAAV0@AAH@Z"
231,"??5OMediaStreamOperators@@QAEAAV0@AAI@Z"
232,"??5OMediaStreamOperators@@QAEAAV0@AAJ@Z"
233,"??5OMediaStreamOperators@@QAEAAV0@AAK@Z"
234,"??5OMediaStreamOperators@@QAEAAV0@AAM@Z"
235,"??5OMediaStreamOperators@@QAEAAV0@AAN@Z"
236,"??5OMediaStreamOperators@@QAEAAV0@AAO@Z"
237,"??5OMediaStreamOperators@@QAEAAV0@AAV?$basic_string@DU?$char_traits@D@std@@V?$allocator@D@2@@std@@@Z"
238,"??5OMediaStreamOperators@@QAEAAV0@AAVOMediaClassStreamer@@@Z"
239,"??5OMediaStreamOperators@@QAEAAV0@AA_N@Z"
240,"??5OMediaStreamOperators@@QAEAAV0@PAD@Z"
241,"??5OMediaStreamOperators@@QAEAAV0@PAE@Z"
242,"??5OMediaStreamOperators@@QAEAAV0@PAV?$basic_string@DU?$char_traits@D@std@@V?$allocator@D@2@@std@@@Z"
243,"??5OMediaStreamOperators@@QAEAAV0@PAVOMediaClassStreamer@@@Z"
244,"??6OMediaStreamOperators@@QAEAAV0@AAD@Z"
245,"??6OMediaStreamOperators@@QAEAAV0@AAE@Z"
246,"??6OMediaStreamOperators@@QAEAAV0@AAF@Z"
247,"??6OMediaStreamOperators@@QAEAAV0@AAG@Z"
248,"??6OMediaStreamOperators@@QAEAAV0@AAH@Z"
249,"??6OMediaStreamOperators@@QAEAAV0@AAI@Z"
250,"??6OMediaStreamOperators@@QAEAAV0@AAJ@Z"
251,"??6OMediaStreamOperators@@QAEAAV0@AAK@Z"
252,"??6OMediaStreamOperators@@QAEAAV0@AAM@Z"
253,"??6OMediaStreamOperators@@QAEAAV0@AAN@Z"
254,"??6OMediaStreamOperators@@QAEAAV0@AAO@Z"
255,"??6OMediaStreamOperators@@QAEAAV0@AAV?$basic_string@DU?$char_traits@D@std@@V?$allocator@D@2@@std@@@Z"
256,"??6OMediaStreamOperators@@QAEAAV0@AAVOMediaClassStreamer@@@Z"
257,"??6OMediaStreamOperators@@QAEAAV0@AA_N@Z"
258,"??6OMediaStreamOperators@@QAEAAV0@PAD@Z"
259,"??6OMediaStreamOperators@@QAEAAV0@PAE@Z"
260,"??6OMediaStreamOperators@@QAEAAV0@PAV?$basic_string@DU?$char_traits@D@std@@V?$allocator@D@2@@std@@@Z"
261,"??6OMediaStreamOperators@@QAEAAV0@PAVOMediaClassStreamer@@@Z"
262,"??_FOMediaApplication@@QAEXXZ"
263,"??_FOMediaMoveableMem@@QAEXXZ"
264,"??_FOMediaViewPort@@QAEXXZ"
265,"?activate@OMediaFullscreenWindow@@UAEXXZ"
266,"?activate@OMediaSingleWindow@@UAEXXZ"
267,"?activate@OMediaWindow@@UAEXXZ"
268,"?activated@OMediaFullscreenWindow@@UAEXXZ"
269,"?activated@OMediaSingleWindow@@UAEXXZ"
270,"?activated@OMediaWindow@@UAEXXZ"
271,"?add_button@OMediaRadioGroup@@UAEXPAVOMediaAbstractButton@@@Z"
272,"?add_millisecs@OMediaTimeCounter@@SAXJ@Z"
273,"?add_vertex@OMedia3DShape@@UAEKAAVOMedia3DPoint@@@Z"
274,"?addlistener@OMediaBroadcaster@@UAEXPAVOMediaListener@@@Z"
275,"?advance_frame@OMediaAnim@@UAE_N_N@Z"
276,"?allocate_particle@OMediaParticleEmitter@@QAEPAVOMediaAbstractParticle@@XZ"
277,"?angle_between@OMedia3DVector@@QBEFABV1@@Z"
278,"?angles@OMedia3DVector@@QAEXAAF0@Z"
279,"?anim_conv_mode@OMedia3DShapeConverter@@1W4omt_3DAnimConvertMode@@A"
280,"?anim_periodical@OMediaAnimPeriodical@@1PAV1@A"
281,"?approximate_size_changed@OMediaDBObject@@UAEXXZ"
282,"?ask_user@OMediaFilePath@@UAE_NPAVOMediaWindow@@AAVOMediaAskUserFilters@@_NV?$basic_string@DU?$char_traits@D@std@@V?$allocator@D@2@@std@@33@Z"
283,"?assign@OMedia3DMaterial@@QAEXABV1@@Z"
284,"?base@OMediaProfiler@@2V1@A"
285,"?begin@OMediaPipeline@@UAEXG@Z"
286,"?begin_render@OMediaDXRenderPort@@UAE_NXZ"
287,"?begin_render@OMediaOMTRenderPort@@UAE_NXZ"
288,"?block_clip@OMediaBlitter@@SA_NAAVOMediaRect@@00@Z"
289,"?block_preparecliprects@OMediaBlitter@@SA_NAAVOMediaRect@@00JJ@Z"
290,"?bounds_changed@OMediaFullscreenWindow@@UAEXXZ"
291,"?bounds_changed@OMediaSingleWindow@@UAEXXZ"
292,"?bounds_changed@OMediaWindow@@UAEXXZ"
293,"?broadcast_message@OMediaBroadcaster@@UAEXJPAX@Z"
294,"?buffer_user@OMediaPipeline@@1JA"
295,"?cache_size@OMediaDataBase@@1KA"
296,"?capture_frame@OMediaDXRenderPort@@UAEXAAVOMediaCanvas@@@Z"
297,"?capture_frame@OMediaOMTRenderPort@@UAEXAAVOMediaCanvas@@@Z"
298,"?capture_frame@OMediaRenderPort@@UAEXAAVOMediaCanvas@@@Z"
299,"?capture_frame@OMediaViewPort@@UAEXAAVOMediaCanvas@@_N@Z"
300,"?center@OMedia3DShape@@UAEXXZ"
301,"?check_cache_full@OMediaDataBase@@SAXXZ"
302,"?check_mouse_activate@OMediaViewPort@@MAEXPAVOMediaEvent@@@Z"
303,"?check_texture_size@OMediaDXRenderTarget@@UAEXAAJ0@Z"
304,"?cleanup_window@OMediaFullscreenWindow@@MAEXXZ"
305,"?cleanup_window@OMediaSingleWindow@@MAEXXZ"
306,"?clear_all_buffers@OMediaDXRenderPort@@UAEXAAVOMediaFARGBColor@@@Z"
307,"?clear_all_buffers@OMediaPipeline@@UAEXAAVOMediaFARGBColor@@@Z"
308,"?clear_colorbuffer@OMediaDXRenderPort@@UAEXAAVOMediaFARGBColor@@PAVOMediaRect@@@Z"
309,"?clear_colorbuffer@OMediaOMTRenderPort@@UAEXAAVOMediaFARGBColor@@PAVOMediaRect@@@Z"
310,"?clear_colorbuffer@OMediaPipeline@@UAEXAAVOMediaFARGBColor@@PAVOMediaRect@@@Z"
311,"?clear_zbuffer@OMediaDXRenderPort@@UAEXPAVOMediaRect@@@Z"
312,"?clear_zbuffer@OMediaOMTRenderPort@@UAEXPAVOMediaRect@@@Z"
313,"?clear_zbuffer@OMediaPipeline@@UAEXPAVOMediaRect@@@Z"
314,"?clicked@OMediaAbstractButton@@UAEXPAVOMediaPickResult@@_NPAVOMediaBroadcaster@@PAVOMediaElement@@@Z"
315,"?clicked@OMediaCanvasButton@@UAEXPAVOMediaPickResult@@_N@Z"
316,"?clicked@OMediaElement@@UAEXPAVOMediaPickResult@@_N@Z"
317,"?clicked@OMediaScroller@@UAEXPAVOMediaPickResult@@_N@Z"
318,"?clicked@OMediaSlider@@UAEXPAVOMediaPickResult@@_N@Z"
319,"?clicked@OMediaStdButton@@UAEXPAVOMediaPickResult@@_N@Z"
320,"?clicked@OMediaStringField@@UAEXPAVOMediaPickResult@@_N@Z"
321,"?clip_copy@OMediaStringField@@UAEXXZ"
322,"?clip_cut@OMediaStringField@@UAEXXZ"
323,"?clip_line@OMediaBlitter@@SA_NAAF000PAVOMediaShortRect@@@Z"
324,"?clip_paste@OMediaStringField@@UAEXXZ"
325,"?clip_sphere@OMediaElement@@IAE_NAAVOMediaSphere@@AAVOMediaMatrix_4x4@@1@Z"
326,"?clip_tab_buffer@OMediaPipeline@@1PAPAVOMediaPipePoint@@A"
327,"?clip_tab_buffer_size@OMediaPipeline@@1KA"
328,"?close@OMediaFileStream@@UAEXXZ"
329,"?close@OMediaSerialStream@@UAEXXZ"
330,"?close@OMediaSingleWindow@@UAEXXZ"
331,"?close@OMediaWindow@@UAEXXZ"
332,"?close_chunk@OMediaFormattedStream@@UAEXXZ"
333,"?collide@OMediaElement@@UAE_NPAV1@PAVOMediaCollisionCache@@@Z"
334,"?collision_fill_cacheblock@OMediaElement@@IAEXPAVOMediaCollCacheBlock@@@Z"
335,"?colltest_ray_sphe@OMediaElement@@IAE_NAAVOMedia3DPoint@@AAVOMedia3DVector@@PAVOMediaCollCacheBlock@@AAM@Z"
336,"?colltest_ray_tri@OMediaElement@@IAE_NAAVOMedia3DPoint@@AAVOMedia3DVector@@PAVOMediaCollCacheBlock@@PAV2@AAM@Z"
337,"?colltest_sphe_sphe@OMediaElement@@IAE_NPAVOMediaCollCacheBlock@@0@Z"
338,"?colltest_tri_gsphe@OMediaElement@@IAE_NPAVOMediaCollCacheBlock@@0PAVOMedia3DPoint@@@Z"
339,"?colltest_tri_sphe@OMediaElement@@IAE_NPAVOMediaCollCacheBlock@@0PAVOMedia3DPoint@@@Z"
340,"?colltest_tri_tri@OMediaElement@@IAE_NPAVOMediaCollCacheBlock@@0PAVOMedia3DPoint@@1@Z"
341,"?commandLine@OMediaWinStoreStartInfo@@2PADA"
342,"?compact_buffer@OMediaDXSoundEngine@@UAEXXZ"
343,"?compact_buffer@OMediaSoundEngine@@UAEXXZ"
344,"?compress@OMediaCompression@@SAXPAXJ0AAJG@Z"
345,"?compress@OMediaFormattedStream@@UAEXXZ"
346,"?compute_auto_align@OMediaCanvasElement@@MAEXXZ"
347,"?compute_global_bsphere@OMedia3DShape@@MAEXXZ"
348,"?compute_hxform@OMediaElement@@UAEXAAVOMediaRenderHTransform@@0@Z"
349,"?compute_hxform_hierarchy@OMediaElement@@UAEXAAVOMediaRenderHTransform@@@Z"
350,"?compute_knob_rect@OMediaScroller@@MAEXAAVOMediaRect@@0@Z"
351,"?compute_knob_rect@OMediaSlider@@MAEXAAVOMediaRect@@0@Z"
352,"?compute_model_matrix@OMediaElement@@UAEXAAVOMediaRenderHTransform@@AAVOMediaMatrix_4x4@@1@Z"
353,"?compute_model_matrix@OMediaElement@@UAEXAAVOMediaRenderHTransform@@AAVOMediaMatrix_4x4@@@Z"
354,"?compute_normals@OMedia3DShape@@UAEXM_N@Z"
355,"?compute_normals@OMedia3DShape@@UAEX_N@Z"
356,"?compute_polygon_normals@OMedia3DShape@@UAEX_N@Z"
357,"?container_link@OMediaElement@@MAEXPAVOMediaElementContainer@@@Z"
358,"?container_link_element@OMediaElement@@MAEXPAV1@@Z"
359,"?container_link_element@OMediaElementContainer@@MAEXPAVOMediaElement@@@Z"
360,"?container_link_element@OMediaWorld@@MAEXPAVOMediaElement@@@Z"
361,"?container_unlink@OMediaElement@@MAEXPAVOMediaElementContainer@@@Z"
362,"?conv_flags@OMedia3DShapeConverter@@1GA"
363,"?convert@OMedia3DShapeConverter@@UAEXXZ"
364,"?convert@OMediaASEConverter@@UAEXXZ"
365,"?convert@OMediaCanvasConverter@@UAEXXZ"
366,"?convert@OMediaDXFConverter@@UAEXXZ"
367,"?convert@OMediaGIFConverter@@UAEXXZ"
368,"?convert@OMediaOMTConverter@@UAEXXZ"
369,"?convert@OMediaPNGConverter@@UAEXXZ"
370,"?convert@OMediaXSIConverter@@UAEXXZ"
371,"?copy@OMediaMemTools@@SAXPBXPAXJ@Z"
372,"?crc@OMediaCRC@@SAKPAEH@Z"
373,"?crc_table@OMediaCRC@@1PAKA"
374,"?crc_table_computed@OMediaCRC@@1_NA"
375,"?create@OMediaCanvas@@UAEXJJPAV1@@Z"
376,"?create_canvas@OMediaOMTConverter@@UAEXFFFJPADK@Z"
377,"?create_chunk@OMediaFormattedStream@@MAEPAVOMediaFSChunk@@PAVOMediaFSChunkTypeNode@@J@Z"
378,"?create_chunktype@OMediaFormattedStream@@MAEPAVOMediaFSChunkTypeNode@@K@Z"
379,"?create_effect@OMediaDXFFEffectType@@UAEPAVOMediaFFEffect@@XZ"
380,"?create_effect@OMediaFFEffectType@@UAEPAVOMediaFFEffect@@XZ"
381,"?create_frame@OMedia3DMorphAnimDef@@UAEPAVOMediaAnimFrame@@J@Z"
382,"?create_frame@OMedia3DShapeAnimDef@@UAEPAVOMediaAnimFrame@@J@Z"
383,"?create_frame@OMediaAnimDef@@UAEPAVOMediaAnimFrame@@J@Z"
384,"?create_frame@OMediaCanvasAnimDef@@UAEPAVOMediaAnimFrame@@J@Z"
385,"?create_free_block@OMediaFormattedStream@@MAEXKK@Z"
386,"?create_input_engine@OMediaEngineFactory@@UAEPAVOMediaInputEngine@@W4omt_EngineID@@PAVOMediaWindow@@@Z"
387,"?create_offscreen_buffer@OMediaDXVideoEngine@@UAEPAVOMediaOffscreenBuffer@@JJW4omt_OffscreenBufferPixelFormat@@@Z"
388,"?create_offscreen_buffer@OMediaVideoEngine@@UAEPAVOMediaOffscreenBuffer@@JJW4omt_OffscreenBufferPixelFormat@@@Z"
389,"?create_offscreen_buffer@OMediaWinVideoEngine@@UAEPAVOMediaOffscreenBuffer@@JJW4omt_OffscreenBufferPixelFormat@@@Z"
390,"?create_proportional_tab@OMediaCanvasFont@@UAEXXZ"
391,"?create_sound@OMediaDXSound@@UAEXXZ"
392,"?create_sound_channel@OMediaDXSoundEngine@@MAEPAVOMediaSoundChannel@@XZ"
393,"?create_sound_channel@OMediaSoundEngine@@MAEPAVOMediaSoundChannel@@XZ"
394,"?create_sound_channel@OMediaWinSoundEngine@@MAEPAVOMediaSoundChannel@@XZ"
395,"?create_sound_engine@OMediaEngineFactory@@UAEPAVOMediaSoundEngine@@W4omt_EngineID@@PAVOMediaWindow@@@Z"
396,"?create_subimage@OMediaDXCanvas@@UAEXPAVOMediaCanvas@@JJ_NJJ@Z"
397,"?create_subimage@OMediaOMTCanvas@@UAEXPAVOMediaCanvas@@JJ_NJJ@Z"
398,"?create_texture@OMediaDXCanvas@@UAEX_NK@Z"
399,"?create_texture@OMediaOMTCanvas@@UAEX_NK@Z"
400,"?create_video_engine@OMediaEngineFactory@@UAEPAVOMediaVideoEngine@@W4omt_EngineID@@PAVOMediaWindow@@@Z"
401,"?current_section@OMediaProfiler@@2PAVOMediaProfileSection@@A"
402,"?database_broadcaster@OMediaDataBase@@1PAVOMediaBroadcaster@@A"
403,"?db_builder@OMedia3DMaterial@@SAPAVOMediaDBObject@@XZ"
404,"?db_builder@OMedia3DMorphAnimDef@@SAPAVOMediaDBObject@@XZ"
405,"?db_builder@OMedia3DShape@@SAPAVOMediaDBObject@@XZ"
406,"?db_builder@OMedia3DShapeAnimDef@@SAPAVOMediaDBObject@@XZ"
407,"?db_builder@OMedia3DShapeElement@@SAPAVOMediaDBObject@@XZ"
408,"?db_builder@OMediaAnimDef@@SAPAVOMediaDBObject@@XZ"
409,"?db_builder@OMediaCanvas@@SAPAVOMediaDBObject@@XZ"
410,"?db_builder@OMediaCanvasAnimDef@@SAPAVOMediaDBObject@@XZ"
411,"?db_builder@OMediaCanvasElement@@SAPAVOMediaDBObject@@XZ"
412,"?db_builder@OMediaElement@@SAPAVOMediaDBObject@@XZ"
413,"?db_builder@OMediaElementContainer@@SAPAVOMediaDBObject@@XZ"
414,"?db_builder@OMediaLight@@SAPAVOMediaDBObject@@XZ"
415,"?db_builder@OMediaPrimitiveElement@@SAPAVOMediaDBObject@@XZ"
416,"?db_builder@OMediaSound@@SAPAVOMediaDBObject@@XZ"
417,"?db_destruct@OMediaDBObject@@UAEXXZ"
418,"?db_get_type@OMedia3DMaterial@@UBEKXZ"
419,"?db_get_type@OMedia3DMorphAnimDef@@UBEKXZ"
420,"?db_get_type@OMedia3DShape@@UBEKXZ"
421,"?db_get_type@OMedia3DShapeAnimDef@@UBEKXZ"
422,"?db_get_type@OMedia3DShapeElement@@UAEKXZ"
423,"?db_get_type@OMediaAnimDef@@UBEKXZ"
424,"?db_get_type@OMediaCanvas@@UBEKXZ"
425,"?db_get_type@OMediaCanvasAnimDef@@UBEKXZ"
426,"?db_get_type@OMediaCanvasElement@@UAEKXZ"
427,"?db_get_type@OMediaDBObject@@UBEKXZ"
428,"?db_get_type@OMediaElement@@UAEKXZ"
429,"?db_get_type@OMediaElementContainer@@UAEKXZ"
430,"?db_get_type@OMediaLight@@UAEKXZ"
431,"?db_get_type@OMediaPrimitiveElement@@UAEKXZ"
432,"?db_get_type@OMediaSound@@UBEKXZ"
433,"?db_link@OMediaDBObject@@UAEXPAVOMediaDataBase@@PAVOMediaFSChunk@@K@Z"
434,"?db_update@OMediaDBObject@@UAEXXZ"
435,"?deactivated@OMediaWindow@@UAEXXZ"
436,"?delete_all_channels@OMediaSoundEngine@@MAEXXZ"
437,"?delete_all_implementations@OMediaEngine@@UAEXXZ"
438,"?delete_chunk@OMediaFormattedStream@@UAEXKJ@Z"
439,"?delete_chunktype@OMediaFormattedStream@@MAEXPAVOMediaFSChunkTypeNode@@@Z"
440,"?delete_imp_slaves@OMediaEngineImpMaster@@UAEXXZ"
441,"?delete_object@OMediaDataBase@@UAEXKJ@Z"
442,"?delete_offscreen_buffers@OMediaVideoEngine@@MAEXXZ"
443,"?delete_unused_normals@OMedia3DShape@@UAEXXZ"
444,"?delete_unused_vertices@OMedia3DShape@@UAEXXZ"
445,"?deselect@OMediaAbstractButton@@UAEXXZ"
446,"?deselect@OMediaCanvasButton@@UAEXXZ"
447,"?deselect@OMediaStdButton@@UAEXXZ"
448,"?deselect_all@OMedia3DShape@@UAEXXZ"
449,"?deselect_renderer@OMediaDXVideoEngine@@UAEXXZ"
450,"?deselect_renderer@OMediaVideoEngine@@UAEXXZ"
451,"?deselect_renderer@OMediaWinVideoEngine@@UAEXXZ"
452,"?destroy_dependencies@OMediaWindow@@MAEXXZ"
453,"?devote_time@OMediaPeriodical@@SAXXZ"
454,"?disable_faceculling@OMediaDXRenderPort@@UAEXXZ"
455,"?disable_faceculling@OMediaPipeline@@UAEXXZ"
456,"?disable_fog@OMediaDXRenderPort@@UAEXXZ"
457,"?disable_fog@OMediaPipeline@@UAEXXZ"
458,"?disable_light@OMediaDXRenderPort@@UAEXJ@Z"
459,"?disable_light@OMediaPipeline@@UAEXJ@Z"
460,"?disable_lighting@OMediaDXRenderPort@@UAEXXZ"
461,"?disable_lighting@OMediaPipeline@@UAEXXZ"
462,"?do_getposition@OMediaFileStream@@MAEKXZ"
463,"?do_getposition@OMediaFormattedStream@@MAEKXZ"
464,"?do_getposition@OMediaMemStream@@MAEKXZ"
465,"?do_getposition@OMediaStream@@MAEKXZ"
466,"?do_getsize@OMediaFileStream@@MAEKXZ"
467,"?do_getsize@OMediaFormattedStream@@MAEKXZ"
468,"?do_getsize@OMediaMemStream@@MAEKXZ"
469,"?do_getsize@OMediaStream@@MAEKXZ"
470,"?do_purge_object@OMediaDataBase@@MAEXPAVOMediaFSChunk@@@Z"
471,"?do_read@OMediaFileStream@@MAEXPAXK@Z"
472,"?do_read@OMediaFormattedStream@@MAEXPAXK@Z"
473,"?do_read@OMediaMemStream@@MAEXPAXK@Z"
474,"?do_read@OMediaSerialStream@@MAEXPAXK@Z"
475,"?do_read@OMediaStream@@MAEXPAXK@Z"
476,"?do_setposition@OMediaFileStream@@MAEXKF@Z"
477,"?do_setposition@OMediaFormattedStream@@MAEXKF@Z"
478,"?do_setposition@OMediaMemStream@@MAEXKF@Z"
479,"?do_setposition@OMediaStream@@MAEXKF@Z"
480,"?do_setsize@OMediaFileStream@@MAEXK@Z"
481,"?do_setsize@OMediaFormattedStream@@MAEXK@Z"
482,"?do_setsize@OMediaMemStream@@MAEXK@Z"
483,"?do_setsize@OMediaStream@@MAEXK@Z"
484,"?do_write@OMediaFileStream@@MAEXPAXK@Z"
485,"?do_write@OMediaFormattedStream@@MAEXPAXK@Z"
486,"?do_write@OMediaMemStream@@MAEXPAXK@Z"
487,"?do_write@OMediaSerialStream@@MAEXPAXK@Z"
488,"?do_write@OMediaStream@@MAEXPAXK@Z"
489,"?double2string@OMediaStringTools@@SAABV?$basic_string@DU?$char_traits@D@std@@V?$allocator@D@2@@std@@N@Z"
490,"?draw@OMediaBlitter@@SAXPAKJJ0JJPAVOMediaRect@@1W4omt_BlendFunc@@2K@Z"
491,"?draw@OMediaBlitter@@SAXPAKJJ0JJPAVOMediaRect@@JJW4omt_BlendFunc@@2K@Z"
492,"?draw@OMediaBlitter@@SAXPAKJJ0JJPAVOMediaRect@@W4omt_BlendFunc@@2K@Z"
493,"?draw@OMediaCanvas@@UAEXPAV1@PAVOMediaRect@@1W4omt_BlendFunc@@2K@Z"
494,"?draw@OMediaCanvas@@UAEXPAV1@PAVOMediaRect@@JJW4omt_BlendFunc@@2K@Z"
495,"?draw@OMediaCanvas@@UAEXPAV1@PAVOMediaRect@@W4omt_BlendFunc@@2K@Z"
496,"?draw@OMediaDXOffscreenBuffer@@UAEXPAVOMediaWindow@@JJ@Z"
497,"?draw@OMediaDXRenderPort@@UAEXAAV?$vector@VOMediaRenderVertex@@V?$allocator@VOMediaRenderVertex@@@std@@@std@@W4omt_RenderDrawMode@@@Z"
498,"?draw@OMediaPipeline@@UAEXAAV?$vector@VOMediaRenderVertex@@V?$allocator@VOMediaRenderVertex@@@std@@@std@@W4omt_RenderDrawMode@@@Z"
499,"?draw@OMediaWinOffscreenBuffer@@UAEXPAVOMediaWindow@@JJ@Z"
500,"?draw_16@OMediaRastBlitter@@SAXPAKJJPAGJJJPAVOMediaRect@@2W4omt_BlendFunc@@3K@Z"
501,"?draw_16@OMediaRastBlitter@@SAXPAKJJPAGJJJPAVOMediaRect@@JJW4omt_BlendFunc@@3K@Z"
502,"?draw_16zb@OMediaRastBlitter@@SAXPAKJJPAGJJJPAVOMediaRect@@2W4omt_BlendFunc@@3KM1KW4omt_ZBufferFunc@@W4omt_ZBufferTest@@W4omt_ZBufferWrite@@@Z"
503,"?draw_16zb@OMediaRastBlitter@@SAXPAKJJPAGJJJPAVOMediaRect@@JJW4omt_BlendFunc@@3KM1KW4omt_ZBufferFunc@@W4omt_ZBufferTest@@W4omt_ZBufferWrite@@@Z"
504,"?draw_32@OMediaRastBlitter@@SAXPAKJJ0JJJPAVOMediaRect@@1W4omt_BlendFunc@@2K@Z"
505,"?draw_32@OMediaRastBlitter@@SAXPAKJJ0JJJPAVOMediaRect@@JJW4omt_BlendFunc@@2K@Z"
506,"?draw_32zb@OMediaRastBlitter@@SAXPAKJJ0JJJPAVOMediaRect@@1W4omt_BlendFunc@@2KMPAGKW4omt_ZBufferFunc@@W4omt_ZBufferTest@@W4omt_ZBufferWrite@@@Z"
507,"?draw_32zb@OMediaRastBlitter@@SAXPAKJJ0JJJPAVOMediaRect@@JJW4omt_BlendFunc@@2KMPAGKW4omt_ZBufferFunc@@W4omt_ZBufferTest@@W4omt_ZBufferWrite@@@Z"
508,"?draw_back@OMediaScroller@@MAEXAAVOMediaCanvas@@AAVOMediaRect@@@Z"
509,"?draw_back@OMediaSlider@@MAEXAAVOMediaCanvas@@AAVOMediaRect@@@Z"
510,"?draw_full@OMediaBlitter@@SAXPAKJJ0JJJJW4omt_BlendFunc@@1K@Z"
511,"?draw_full@OMediaCanvas@@UAEXPAV1@JJW4omt_BlendFunc@@1K@Z"
512,"?draw_full_16@OMediaRastBlitter@@SAXPAKJJPAGJJJJJW4omt_BlendFunc@@2K@Z"
513,"?draw_full_16zb@OMediaRastBlitter@@SAXPAKJJPAGJJJJJW4omt_BlendFunc@@2KM1KW4omt_ZBufferFunc@@W4omt_ZBufferTest@@W4omt_ZBufferWrite@@@Z"
514,"?draw_full_32@OMediaRastBlitter@@SAXPAKJJ0JJJJJW4omt_BlendFunc@@1K@Z"
515,"?draw_full_32zb@OMediaRastBlitter@@SAXPAKJJ0JJJJJW4omt_BlendFunc@@1KMPAGKW4omt_ZBufferFunc@@W4omt_ZBufferTest@@W4omt_ZBufferWrite@@@Z"
516,"?draw_knob@OMediaScroller@@MAEXAAVOMediaCanvas@@AAVOMediaRect@@1@Z"
517,"?draw_knob@OMediaSlider@@MAEXAAVOMediaCanvas@@AAVOMediaRect@@1@Z"
518,"?draw_line@OMediaBlitter@@SAXPAKJFFFFKPAVOMediaShortRect@@W4omt_BlendFunc@@2@Z"
519,"?draw_line@OMediaCanvas@@UAEXAAVOMediaARGBColor@@JJJJW4omt_BlendFunc@@1@Z"
520,"?draw_line_16@OMediaSegmentRasterizer@@SAXPAGJFFFFKW4omt_BlendFunc@@1@Z"
521,"?draw_line_32@OMediaSegmentRasterizer@@SAXPAKJFFFFKW4omt_BlendFunc@@1@Z"
522,"?draw_line_zb16@OMediaSegmentRasterizer@@SAXPAGJFFMFFMKW4omt_BlendFunc@@10KW4omt_ZBufferFunc@@W4omt_ZBufferTest@@W4omt_ZBufferWrite@@@Z"
523,"?draw_line_zb32@OMediaSegmentRasterizer@@SAXPAKJFFMFFMKW4omt_BlendFunc@@1PAGKW4omt_ZBufferFunc@@W4omt_ZBufferTest@@W4omt_ZBufferWrite@@@Z"
524,"?draw_selection@OMediaStringField@@MAEXAAVOMediaCanvas@@@Z"
525,"?draw_shape@OMediaDXRenderPort@@UAEXPAVOMedia3DShape@@AA_NPAVOMediaRendererOverrideVertexList@@@Z"
526,"?draw_shape@OMediaPipeline@@UAEXPAVOMedia3DShape@@AA_NPAVOMediaRendererOverrideVertexList@@@Z"
527,"?draw_string@OMediaCanvasFont@@UAEXV?$basic_string@DU?$char_traits@D@std@@V?$allocator@D@2@@std@@PAVOMediaDrawInterface@@JJW4omt_BlendFunc@@2@Z"
528,"?draw_surface@OMediaDXRenderPort@@UAEXPAVOMediaCanvas@@MMMMMAAVOMediaFARGBColor@@@Z"
529,"?draw_surface@OMediaPipeline@@UAEXPAVOMediaCanvas@@MMMMMAAVOMediaFARGBColor@@@Z"
530,"?draw_text@OMediaStringField@@MAEXAAVOMediaCanvas@@@Z"
531,"?dump_stats@OMediaProfiler@@SAXV?$basic_string@DU?$char_traits@D@std@@V?$allocator@D@2@@std@@@Z"
532,"?duplicate_chunk@OMediaFormattedStream@@UAEXKJKJ@Z"
533,"?dxpurge@OMediaDXSound@@UAEXXZ"
534,"?element_link@OMediaElement@@MAEXPAV1@@Z"
535,"?enable_faceculling@OMediaDXRenderPort@@UAEXXZ"
536,"?enable_faceculling@OMediaPipeline@@UAEXXZ"
537,"?enable_fog@OMediaDXRenderPort@@UAEXXZ"
538,"?enable_fog@OMediaPipeline@@UAEXXZ"
539,"?enable_light@OMediaDXRenderPort@@UAEXJ@Z"
540,"?enable_light@OMediaPipeline@@UAEXJ@Z"
541,"?enable_lighting@OMediaDXRenderPort@@UAEXXZ"
542,"?enable_lighting@OMediaPipeline@@UAEXXZ"
543,"?end@OMediaPipeline@@UAEXXZ"
544,"?end_light_edit@OMediaDXRenderPort@@UAEXXZ"
545,"?end_light_edit@OMediaPipeline@@UAEXXZ"
546,"?end_picking@OMediaDXRenderPort@@UAEPAV?$vector@VOMediaPickHit@@V?$allocator@VOMediaPickHit@@@std@@@std@@XZ"
547,"?end_picking@OMediaPipeline@@UAEPAV?$vector@VOMediaPickHit@@V?$allocator@VOMediaPickHit@@@std@@@std@@XZ"
548,"?end_render@OMediaDXRenderPort@@UAEXXZ"
549,"?end_render@OMediaOMTRenderPort@@UAEXXZ"
550,"?enter_sleep_mode@OMediaFullscreenWindow@@MAEXXZ"
551,"?erase_selection@OMediaStringField@@UAEXXZ"
552,"?errortype_to_string@OMediaError@@SAPADW4omt_ErrorId@@@Z"
553,"?event_manager@OMediaEventManager@@1PAV1@A"
554,"?exit_sleep_mode@OMediaFullscreenWindow@@MAEXXZ"
555,"?export_chunk@OMediaFormattedStream@@UAEXKJPAVOMediaStream@@@Z"
556,"?factory@OMediaEngineFactory@@1PAV1@A"
557,"?fileexists@OMediaFileStream@@UAE_NXZ"
558,"?fill@OMediaBlitter@@SAXKPAKJJPAVOMediaRect@@W4omt_BlendFunc@@2K@Z"
559,"?fill@OMediaCanvas@@UAEXAAVOMediaARGBColor@@PAVOMediaRect@@W4omt_BlendFunc@@2K@Z"
560,"?fill@OMediaOffscreenBuffer@@UAEXAAVOMediaRGBColor@@PAVOMediaRect@@@Z"
561,"?fill_alpha@OMediaBlitter@@SAXEPAKJJPAVOMediaRect@@@Z"
562,"?fill_alpha@OMediaCanvas@@UAEXEPAVOMediaRect@@@Z"
563,"?fill_coll_bounding_spheres@OMedia3DShapeElement@@MAE_NPAVOMediaCollCacheBlock@@@Z"
564,"?fill_coll_bounding_spheres@OMediaElement@@MAE_NPAVOMediaCollCacheBlock@@@Z"
565,"?fill_coll_triangles@OMedia3DShapeElement@@MAE_NPAVOMediaCollCacheBlock@@@Z"
566,"?fill_coll_triangles@OMediaElement@@MAE_NPAVOMediaCollCacheBlock@@@Z"
567,"?fill_color_blend16@OMediaSegmentRasterizer@@SAXPAEKGW4omt_BlendFunc@@1@Z"
568,"?fill_color_blend32@OMediaSegmentRasterizer@@SAXPAEKGW4omt_BlendFunc@@1@Z"
569,"?fill_color_blend_interpolation16@OMediaSegmentRasterizer@@SAXPAEJJJJJJJJGW4omt_BlendFunc@@1@Z"
570,"?fill_color_blend_interpolation32@OMediaSegmentRasterizer@@SAXPAEJJJJJJJJGW4omt_BlendFunc@@1@Z"
571,"?fill_color_blend_interpolation_zb16@OMediaSegmentRasterizer@@SAXPAEJJJJJJJJPAGKJW4omt_ZBufferFunc@@W4omt_ZBufferTest@@W4omt_ZBufferWrite@@GW4omt_BlendFunc@@5@Z"
572,"?fill_color_blend_interpolation_zb32@OMediaSegmentRasterizer@@SAXPAEJJJJJJJJPAGKJW4omt_ZBufferFunc@@W4omt_ZBufferTest@@W4omt_ZBufferWrite@@GW4omt_BlendFunc@@5@Z"
573,"?fill_color_blend_zbuffer16@OMediaSegmentRasterizer@@SAXPAGK0KJGW4omt_ZBufferFunc@@W4omt_ZBufferTest@@W4omt_ZBufferWrite@@W4omt_BlendFunc@@4@Z"
574,"?fill_color_blend_zbuffer32@OMediaSegmentRasterizer@@SAXPAKKPAGKJGW4omt_ZBufferFunc@@W4omt_ZBufferTest@@W4omt_ZBufferWrite@@W4omt_BlendFunc@@5@Z"
575,"?fill_color_interpolation16@OMediaSegmentRasterizer@@SAXPAEJJJJJJG@Z"
576,"?fill_color_interpolation32@OMediaSegmentRasterizer@@SAXPAEJJJJJJG@Z"
577,"?fill_color_interpolation_zb16@OMediaSegmentRasterizer@@SAXPAEJJJJJJPAGKJW4omt_ZBufferFunc@@W4omt_ZBufferTest@@W4omt_ZBufferWrite@@G@Z"
578,"?fill_color_interpolation_zb32@OMediaSegmentRasterizer@@SAXPAEJJJJJJPAGKJW4omt_ZBufferFunc@@W4omt_ZBufferTest@@W4omt_ZBufferWrite@@G@Z"
579,"?fill_color_zbuffer16@OMediaSegmentRasterizer@@SAXPAGK0KJGW4omt_ZBufferFunc@@W4omt_ZBufferTest@@W4omt_ZBufferWrite@@@Z"
580,"?fill_color_zbuffer32@OMediaSegmentRasterizer@@SAXPAKKPAGKJGW4omt_ZBufferFunc@@W4omt_ZBufferTest@@W4omt_ZBufferWrite@@@Z"
581,"?fill_text_flat_16@OMediaTextSegmentRasterizer@@SAXPAGPAEKKKJJJJJJGGGGGGGJW4omt_BlendFunc@@2@Z"
582,"?fill_text_flat_32@OMediaTextSegmentRasterizer@@SAXPAKPAEKKKJJJJJJGGGGGGGJW4omt_BlendFunc@@2@Z"
583,"?fill_text_flat_nomod_16@OMediaTextSegmentRasterizer@@SAXPAGPAEKKKJJJJJJJW4omt_BlendFunc@@2@Z"
584,"?fill_text_flat_nomod_32@OMediaTextSegmentRasterizer@@SAXPAKPAEKKKJJJJJJJW4omt_BlendFunc@@2@Z"
585,"?fill_text_flat_nomod_zb16@OMediaTextSegmentRasterizer@@SAXPAGPAEKKKJJJJJJ0KJW4omt_ZBufferFunc@@W4omt_ZBufferTest@@W4omt_ZBufferWrite@@JW4omt_BlendFunc@@5@Z"
586,"?fill_text_flat_nomod_zb32@OMediaTextSegmentRasterizer@@SAXPAKPAEKKKJJJJJJPAGKJW4omt_ZBufferFunc@@W4omt_ZBufferTest@@W4omt_ZBufferWrite@@JW4omt_BlendFunc@@6@Z"
587,"?fill_text_flat_zb16@OMediaTextSegmentRasterizer@@SAXPAGPAEKKKJJJJJJGGGGGGG0KJW4omt_ZBufferFunc@@W4omt_ZBufferTest@@W4omt_ZBufferWrite@@JW4omt_BlendFunc@@5@Z"
588,"?fill_text_flat_zb32@OMediaTextSegmentRasterizer@@SAXPAKPAEKKKJJJJJJGGGGGGGPAGKJW4omt_ZBufferFunc@@W4omt_ZBufferTest@@W4omt_ZBufferWrite@@JW4omt_BlendFunc@@6@Z"
589,"?fill_text_generic_16@OMediaTextSegmentRasterizer@@SAXPAGPAEKKKJJJJJJJJJJJJJJJJJJJJJW4omt_BlendFunc@@2@Z"
590,"?fill_text_generic_32@OMediaTextSegmentRasterizer@@SAXPAKPAEKKKJJJJJJJJJJJJJJJJJJJJJW4omt_BlendFunc@@2@Z"
591,"?fill_text_generic_zb16@OMediaTextSegmentRasterizer@@SAXPAGPAEKKKJJJJJJJJJJJJJJJJJJJJ0KJW4omt_ZBufferFunc@@W4omt_ZBufferTest@@W4omt_ZBufferWrite@@JW4omt_BlendFunc@@5@Z"
592,"?fill_text_generic_zb32@OMediaTextSegmentRasterizer@@SAXPAKPAEKKKJJJJJJJJJJJJJJJJJJJJPAGKJW4omt_ZBufferFunc@@W4omt_ZBufferTest@@W4omt_ZBufferWrite@@JW4omt_BlendFunc@@6@Z"
593,"?filter_event@OMediaEventManager@@MAE_NPAX@Z"
594,"?finalize_shape@OMedia3DShapeConverter@@MAEXXZ"
595,"?finalize_shape@OMediaASEConverter@@UAEXXZ"
596,"?finalize_shape@OMediaDXFConverter@@UAEXXZ"
597,"?finalize_shape@OMediaXSIConverter@@UAEXXZ"
598,"?find_blend_func@OMediaBlendTable@@SAP6AXPAK00PAF@ZW4omt_BlendFunc@@@Z"
599,"?find_blend_func_argb@OMediaBlendTable@@SAP6AXPAK00PAF@ZW4omt_BlendFunc@@@Z"
600,"?find_builder@OMediaDataBase@@SAP6APAVOMediaDBObject@@XZK@Z"
601,"?find_center_offset@OMedia3DShape@@MAEXAAM00@Z"
602,"?find_center_offset@OMedia3DShape@@MAEXAAVOMedia3DPoint@@_N@Z"
603,"?find_cube@OMedia3DShape@@UAEXAAM00000@Z"
604,"?find_current_frame@OMediaAnim@@MAEXXZ"
605,"?find_flatiterator@OMediaFormattedStream@@MAEPAPAVOMediaFSChunk@@PAV2@@Z"
606,"?find_global_sphere@OMedia3DShapeElement@@MAE_NAAVOMediaSphere@@@Z"
607,"?find_global_sphere@OMediaElement@@MAE_NAAVOMediaSphere@@@Z"
608,"?find_implementation@OMediaEngineImpMaster@@QAEPAVOMediaEngineImpSlave@@PAVOMediaEngine@@KPAX_N@Z"
609,"?find_next_frame@OMediaAnim@@MAEPAVOMediaAnimFrame@@XZ"
610,"?find_sphere@OMedia3DShape@@UAEXAAVOMediaSphere@@_N@Z"
611,"?find_zbuffer_format@OMediaDXRenderTarget@@UAEXXZ"
612,"?flip_buffers@OMediaDXRenderTarget@@UAEXXZ"
613,"?flip_page@OMediaDXVideoEngine@@UAEXXZ"
614,"?flip_page@OMediaVideoEngine@@UAEXXZ"
615,"?flip_polygons@OMedia3DShape@@UAEX_N@Z"
616,"?flush@OMediaCollisionCache@@UAEXPAVOMediaElement@@@Z"
617,"?flush@OMediaCollisionCache@@UAEXXZ"
618,"?flush@OMediaSoundChannel@@UAEXPAVOMediaSound@@@Z"
619,"?flush_buffer@OMediaStream@@UAEXXZ"
620,"?flush_buffer_chunk@OMediaFormattedStream@@MAEXXZ"
621,"?flush_pipeline@OMediaDXRenderPort@@UAEXXZ"
622,"?flush_pipeline@OMediaOMTRenderPort@@UAEXXZ"
623,"?flush_pipeline@OMediaPipeline@@UAEXXZ"
624,"?focus@OMediaFocus@@1PAV1@A"
625,"?force_show@OMediaMouseCursor@@SAXXZ"
626,"?frame_emboss@OMediaCanvas@@UAEXAAVOMediaRect@@_NAAVOMediaARGBColor@@2W4omt_BlendFunc@@3@Z"
627,"?frame_emboss@OMediaCanvas@@UAEXAAVOMediaRect@@_NAAVOMediaFARGBColor@@2W4omt_BlendFunc@@3@Z"
628,"?frame_rect@OMediaCanvas@@UAEXAAVOMediaARGBColor@@AAVOMediaRect@@W4omt_BlendFunc@@2@Z"
629,"?free_master_memory@OMediaCanvas@@UAEXXZ"
630,"?free_particle@OMediaParticleEmitter@@QAEXPAVOMediaAbstractParticle@@@Z"
631,"?full_purge@OMediaDataBase@@UAEXXZ"
632,"?full_purge_type@OMediaDataBase@@UAEXK@Z"
633,"?generate_from_stream@OMediaDataBase@@UAEXAAVOMediaStream@@PAVOMediaDBObject@@@Z"
634,"?get_absolute_info@OMediaElement@@UAEXAAM00AAF11@Z"
635,"?get_anim_periocial@OMediaAnimPeriodical@@SAPAV1@XZ"
636,"?get_approximate_size@OMedia3DMaterial@@UAEKXZ"
637,"?get_approximate_size@OMedia3DMorphAnimDef@@UAEKXZ"
638,"?get_approximate_size@OMedia3DShape@@UAEKXZ"
639,"?get_approximate_size@OMedia3DShapeAnimDef@@UAEKXZ"
640,"?get_approximate_size@OMedia3DShapeElement@@UAEKXZ"
641,"?get_approximate_size@OMediaAnimDef@@UAEKXZ"
642,"?get_approximate_size@OMediaCanvas@@UAEKXZ"
643,"?get_approximate_size@OMediaCanvasAnimDef@@UAEKXZ"
644,"?get_approximate_size@OMediaCanvasElement@@UAEKXZ"
645,"?get_approximate_size@OMediaDBObject@@UAEKXZ"
646,"?get_approximate_size@OMediaElement@@UAEKXZ"
647,"?get_approximate_size@OMediaElementContainer@@UAEKXZ"
648,"?get_approximate_size@OMediaEngineImplementation@@UAEKXZ"
649,"?get_approximate_size@OMediaLight@@UAEKXZ"
650,"?get_approximate_size@OMediaPrimitiveElement@@UAEKXZ"
651,"?get_approximate_size@OMediaSound@@UAEKXZ"
652,"?get_bounds@OMediaDXVideoEngine@@UBEXAAVOMediaRect@@@Z"
653,"?get_bounds@OMediaVideoEngine@@UBEXAAVOMediaRect@@@Z"
654,"?get_bounds@OMediaWinVideoEngine@@UBEXAAVOMediaRect@@@Z"
655,"?get_cache_block@OMediaCollisionCache@@UAEPAVOMediaCollCacheBlock@@PAVOMediaElement@@@Z"
656,"?get_canv_wordsize@OMediaCanvasElement@@MAEXAAM0@Z"
657,"?get_canv_wordsize@OMediaCaption@@MAEXAAM0@Z"
658,"?get_canv_wordsize@OMediaScroller@@MAEXAAM0@Z"
659,"?get_canv_wordsize@OMediaSlider@@MAEXAAM0@Z"
660,"?get_canv_wordsize@OMediaStdButton@@MAEXAAM0@Z"
661,"?get_canv_wordsize@OMediaStringField@@MAEXAAM0@Z"
662,"?get_chunk@OMediaFormattedStream@@UAEPAVOMediaFSChunk@@PAVOMediaFSChunkTypeNode@@J@Z"
663,"?get_chunk@OMediaFormattedStream@@UAEPAVOMediaFSChunk@@PAVOMediaFSChunkTypeNode@@V?$basic_string@DU?$char_traits@D@std@@V?$allocator@D@2@@std@@@Z"
664,"?get_chunk_iterator@OMediaFormattedStream@@QAEPAVOMediaFSChunk@@PAVOMediaFSChunkTypeNode@@JAAViterator@?$list@VOMediaFSChunk@@V?$allocator@VOMediaFSChunk@@@std@@@std@@@Z"
665,"?get_chunk_type_node@OMediaFormattedStream@@UAEPAVOMediaFSChunkTypeNode@@K@Z"
666,"?get_command_keys_status@OMediaInputEngine@@UAEGXZ"
667,"?get_command_keys_status@OMediaWinInputEngine@@UAEGXZ"
668,"?get_current_process_priority@OMediaThread@@SA?AW4omt_TaskPriority@@XZ"
669,"?get_current_thread_priority@OMediaThread@@SA?AW4omt_TaskPriority@@XZ"
670,"?get_current_video_mode@OMediaDXVideoEngine@@UAEPAVOMediaVideoMode@@XZ"
671,"?get_current_video_mode@OMediaVideoEngine@@UAEPAVOMediaVideoMode@@XZ"
672,"?get_current_video_mode@OMediaWinVideoEngine@@UAEPAVOMediaVideoMode@@XZ"
673,"?get_database@OMediaDataBase@@UAEPAV1@XZ"
674,"?get_database@OMediaStreamOperators@@UAEPAVOMediaDataBase@@XZ"
675,"?get_database_broadcaster@OMediaDataBase@@SAPAVOMediaBroadcaster@@XZ"
676,"?get_dynamic_offset@OMedia3DMorphAnim@@UAEXAAM00@Z"
677,"?get_dynamic_offset@OMedia3DShapeAnim@@UAEXAAM00@Z"
678,"?get_dynamic_offset@OMediaCanvasAnim@@UAEXAAM00@Z"
679,"?get_dynamic_offset@OMediaElement@@UAEXAAM00@Z"
680,"?get_factory@OMediaEngineFactory@@SAPAV1@XZ"
681,"?get_first_object@OMediaDataBase@@UAEPAVOMediaDBObject@@KAAVomt_DBIterator@@@Z"
682,"?get_flags_millisecs@OMediaTimeCounter@@SAGXZ"
683,"?get_font_info@OMediaCanvasFont@@UAEXAAJ00@Z"
684,"?get_frequency@OMediaSoundChannel@@QBEKXZ"
685,"?get_hpos@OMediaScroller@@UBEMXZ"
686,"?get_input_engine@OMediaWorld@@UAEPAVOMediaInputEngine@@XZ"
687,"?get_input_engine_attr@OMediaEngineFactory@@UAEGW4omt_EngineID@@@Z"
688,"?get_local_message_handler@OMediaEventManager@@SAPAXXZ"
689,"?get_max_channels@OMediaDXSoundEngine@@UAEJXZ"
690,"?get_max_channels@OMediaSoundEngine@@UAEJXZ"
691,"?get_max_channels@OMediaWinSoundEngine@@UAEJXZ"
692,"?get_max_lights@OMediaDXRenderPort@@UAEJXZ"
693,"?get_max_lights@OMediaPipeline@@UAEJXZ"
694,"?get_max_size@OMediaSingleWindow@@UAEXAAF0@Z"
695,"?get_max_size@OMediaWindow@@UAEXAAF0@Z"
696,"?get_memory_used@OMediaDataBase@@UAEKXZ"
697,"?get_memory_used_all@OMediaDataBase@@SAKXZ"
698,"?get_millisecs@OMediaTimeCounter@@SAKXZ"
699,"?get_millisecs_trap@OMediaTimeCounter@@SAP6AKXZXZ"
700,"?get_min_size@OMediaSingleWindow@@UAEXAAF0@Z"
701,"?get_min_size@OMediaWindow@@UAEXAAF0@Z"
702,"?get_mouse_position@OMediaInputEngine@@UAEXAAF0@Z"
703,"?get_nchannels@OMediaSoundEngine@@UAEJXZ"
704,"?get_next_object@OMediaDataBase@@UAEPAVOMediaDBObject@@AAVomt_DBIterator@@@Z"
705,"?get_object@OMediaDataBase@@UAEPAVOMediaDBObject@@KJ@Z"
706,"?get_object@OMediaDataBase@@UAEPAVOMediaDBObject@@KV?$basic_string@DU?$char_traits@D@std@@V?$allocator@D@2@@std@@@Z"
707,"?get_object_ck@OMediaDataBase@@MAEPAVOMediaDBObject@@KPAVOMediaFSChunk@@@Z"
708,"?get_options@OMediaSerialStream@@UAEXAAW4omt_SerialBaudRate@@AAW4omt_SerialParity@@AAW4omt_SerialStopBits@@AAW4omt_SerialByteSize@@@Z"
709,"?get_pick_mode@OMediaDXRenderPort@@UAEPAVOMediaPickRequest@@XZ"
710,"?get_pick_mode@OMediaPipeline@@UAEPAVOMediaPickRequest@@XZ"
711,"?get_pixmap@OMediaWinOffscreenBuffer@@UAEXAAPAXAAJ@Z"
712,"?get_playing_sound_info@OMediaSoundChannel@@UAEXAAK0@Z"
713,"?get_registred_object_list@OMediaDataBase@@SAPAV?$vector@VOMediaDBCtorRegistration@@V?$allocator@VOMediaDBCtorRegistration@@@std@@@std@@XZ"
714,"?get_requirement_flags@OMediaDXRenderPort@@UAEGXZ"
715,"?get_requirement_flags@OMediaPipeline@@UAEGXZ"
716,"?get_shape@OMedia3DShapeElement@@UAEPAVOMedia3DShape@@XZ"
717,"?get_sizeof_particle@OMediaParticleEmitter@@UAEJXZ"
718,"?get_sound_engine_attr@OMediaEngineFactory@@UAEGW4omt_EngineID@@@Z"
719,"?get_style@OMediaFullscreenWindow@@UAE?AW4omt_WindowStyle@@XZ"
720,"?get_style@OMediaSingleWindow@@UAE?AW4omt_WindowStyle@@XZ"
721,"?get_style@OMediaWindow@@UAE?AW4omt_WindowStyle@@XZ"
722,"?get_sysmouse_position@OMediaInputEngine@@UAEXAAF0@Z"
723,"?get_sysmouse_position@OMediaWinInputEngine@@UAEXAAF0@Z"
724,"?get_target@OMediaOMTRenderPort@@UAEPAVOMediaRenderTarget@@XZ"
725,"?get_text_length@OMediaCanvasFont@@UAEJV?$basic_string@DU?$char_traits@D@std@@V?$allocator@D@2@@std@@@Z"
726,"?get_type@OMediaMouseCursor@@SA?AW4omt_MouseCursorShape@@XZ"
727,"?get_unique_chunkid@OMediaFormattedStream@@UAEJK@Z"
728,"?get_unique_chunkid@OMediaFormattedStream@@UAEJKJ@Z"
729,"?get_video_engine_attr@OMediaEngineFactory@@UAEGW4omt_EngineID@@@Z"
730,"?get_view_bounds@OMediaDXRenderPort@@UAEXAAVOMediaRect@@@Z"
731,"?get_view_bounds@OMediaOMTRenderPort@@UAEXAAVOMediaRect@@@Z"
732,"?get_view_bounds@OMediaPipeline@@UAEXAAVOMediaRect@@@Z"
733,"?get_volume@OMediaSoundChannel@@QBEFXZ"
734,"?get_vpos@OMediaScroller@@UBEMXZ"
735,"?get_zbuffer_info@OMediaOMTRenderPort@@UAEXAAW4omt_ZBufferTest@@AAW4omt_ZBufferWrite@@AAW4omt_ZBufferFunc@@@Z"
736,"?getbgr16bits@OMediaRGBColor@@QBEGXZ"
737,"?getbgr32bits@OMediaRGBColor@@QBEKXZ"
738,"?getblue8bits@OMediaRGBColor@@QBEEXZ"
739,"?getcurrentframe_pos@OMediaAnim@@UBEJXZ"
740,"?getgreen8bits@OMediaRGBColor@@QBEEXZ"
741,"?getpath@OMediaFileStream@@UBEXPAVOMediaFilePath@@@Z"
742,"?getposition@OMediaStream@@UAEKXZ"
743,"?getposition@OMediaStreamOperators@@UAEKXZ"
744,"?getred8bits@OMediaRGBColor@@QBEEXZ"
745,"?getrgb16bits@OMediaRGBColor@@QBEGXZ"
746,"?getrgb32bits@OMediaRGBColor@@QBEKXZ"
747,"?getsize@OMediaMoveableMem@@UAEJXZ"
748,"?getsize@OMediaStream@@UAEKXZ"
749,"?getsize@OMediaStreamOperators@@UAEKXZ"
750,"?getvisible_extend@OMediaElement@@UAE_NXZ"
751,"?global@OMediaCosSinTable@@2V1@A"
752,"?goto_header@OMediaFormattedStream@@MAEXXZ"
753,"?handle_mouse_hit@OMediaViewPort@@MAEXPAVOMediaEvent@@J@Z"
754,"?hide@OMediaElement@@UAEX_N@Z"
755,"?hide@OMediaFullscreenWindow@@UAEXXZ"
756,"?hide@OMediaMouseCursor@@SAXXZ"
757,"?hide@OMediaSingleWindow@@UAEXXZ"
758,"?hide@OMediaWindow@@UAEXXZ"
759,"?hide_count@OMediaMouseCursor@@1JA"
760,"?import_chunk@OMediaFormattedStream@@UAEXPAVOMediaStream@@JKJ@Z"
761,"?init_buffer_chunk@OMediaFormattedStream@@MAEXXZ"
762,"?init_retarget@OMediaApplication@@MAEXW4omt_InitAppHints@@@Z"
763,"?init_retarget@OMediaMoveableMem@@MAEXXZ"
764,"?init_retarget@OMediaSerialStream@@MAEXXZ"
765,"?init_retarget@OMediaSound@@MAEXXZ"
766,"?init_table@OMediaCosSinTable@@QAEXXZ"
767,"?init_window@OMediaFullscreenWindow@@MAEXXZ"
768,"?init_window@OMediaSingleWindow@@MAEX_N@Z"
769,"?inv_rotate@OMedia3DShape@@UAEXFFF@Z"
770,"?is_active@OMediaFullscreenWindow@@UAE_NXZ"
771,"?is_active@OMediaSingleWindow@@UAE_NXZ"
772,"?is_active@OMediaWindow@@UAE_NXZ"
773,"?is_fog_on@OMediaDXRenderPort@@UAE_NXZ"
774,"?is_fog_on@OMediaPipeline@@UAE_NXZ"
775,"?is_paused_millisecs@OMediaTimeCounter@@SA_NXZ"
776,"?is_point_in_polygon@OMediaMathTools@@SA_NPAVOMedia3DPoint@@J0AAM@Z"
777,"?isinknob@OMediaScroller@@MAE_NJJ@Z"
778,"?isinknob@OMediaSlider@@MAE_NJJ@Z"
779,"?kill@OMediaFileStream@@UAEXXZ"
780,"?line_intersection@OMediaMathTools@@SA_NMMMMMMMMAAM0@Z"
781,"?link@OMediaAnimFrame@@UAEXPAVOMediaAnimDef@@J@Z"
782,"?link@OMediaDXVideoEngine@@UAEXPAVOMediaVideoCard@@@Z"
783,"?link@OMediaElement@@UAEXPAVOMediaElementContainer@@@Z"
784,"?link@OMediaLayer@@UAEXPAVOMediaWorld@@@Z"
785,"?link@OMediaVideoEngine@@UAEXPAVOMediaVideoCard@@@Z"
786,"?link@OMediaWinVideoEngine@@UAEXPAVOMediaVideoCard@@@Z"
787,"?link_layer@OMediaElement@@UAEXPAVOMediaLayer@@@Z"
788,"?link_video_engine@OMediaFullscreenWindow@@UAEXPAVOMediaVideoEngine@@@Z"
789,"?link_video_engine@OMediaWindow@@UAEXPAVOMediaVideoEngine@@@Z"
790,"?link_window@OMediaViewPort@@UAEXPAVOMediaWindow@@@Z"
791,"?listen_to_message@OMediaApplication@@UAEXJPAX@Z"
792,"?listen_to_message@OMediaCanvasButton@@UAEXJPAX@Z"
793,"?listen_to_message@OMediaDXVideoEngine@@UAEXJPAX@Z"
794,"?listen_to_message@OMediaElement@@UAEXJPAX@Z"
795,"?listen_to_message@OMediaFullscreenWindow@@UAEXJPAX@Z"
796,"?listen_to_message@OMediaMessagePort@@UAEXJPAX@Z"
797,"?listen_to_message@OMediaOMTRenderPort@@UAEXJPAX@Z"
798,"?listen_to_message@OMediaRadioGroup@@UAEXJPAX@Z"
799,"?listen_to_message@OMediaRenderer@@UAEXJPAX@Z"
800,"?listen_to_message@OMediaStdButton@@UAEXJPAX@Z"
801,"?listen_to_message@OMediaStringField@@UAEXJPAX@Z"
802,"?listen_to_message@OMediaSupervisor@@UAEXJPAX@Z"
803,"?listen_to_message@OMediaViewPort@@UAEXJPAX@Z"
804,"?listen_to_message@OMediaWinVideoEngine@@UAEXJPAX@Z"
805,"?listen_to_message@OMediaWindow@@UAEXJPAX@Z"
806,"?listen_to_message@OMediaWorld@@UAEXJPAX@Z"
807,"?load_header@OMediaFormattedStream@@MAEXXZ"
808,"?local_to_world@OMediaElement@@UAEXAAVOMedia3DPoint@@PAVOMediaMatrix_4x4@@@Z"
809,"?local_to_world_matrix@OMediaElement@@UAEXAAVOMediaMatrix_4x4@@PAV2@@Z"
810,"?lock@OMediaCanvas@@UAEXG@Z"
811,"?lock@OMediaDXHID@@UAEPAV?$list@PAVOMediaHIDElement@@V?$allocator@PAVOMediaHIDElement@@@std@@@std@@XZ"
812,"?lock@OMediaEngineImpMaster@@UAEXG@Z"
813,"?lock@OMediaEngineImplementation@@UAEXG@Z"
814,"?lock@OMediaHumanInterfaceDevice@@UAEPAV?$list@PAVOMediaHIDElement@@V?$allocator@PAVOMediaHIDElement@@@std@@@std@@XZ"
815,"?lock@OMediaMoveableMem@@UAEPAXXZ"
816,"?lock@OMediaWinHID_Keyboard@@UAEPAV?$list@PAVOMediaHIDElement@@V?$allocator@PAVOMediaHIDElement@@@std@@@std@@XZ"
817,"?lock@OMediaWinOffscreenBuffer@@UAEXXZ"
818,"?long2string@OMediaStringTools@@SAABV?$basic_string@DU?$char_traits@D@std@@V?$allocator@D@2@@std@@J@Z"
819,"?lowlevel_get_millisecs@OMediaTimeCounter@@SAKXZ"
820,"?main_supervisor@OMediaSupervisor@@1PAV1@A"
821,"?make_crc_table@OMediaCRC@@KAXXZ"
822,"?make_cube@OMedia3DShape@@UAEXM_N@Z"
823,"?make_sphere@OMedia3DShape@@UAEXMFF@Z"
824,"?map_cubic@OMedia3DShape@@UAEXMMMM_N@Z"
825,"?map_projection@OMedia3DShape@@UAEXFFFMMMMM_N0@Z"
826,"?master_modified@OMediaDXCanvas@@UAEXXZ"
827,"?master_modified@OMediaDXSound@@UAEXXZ"
828,"?master_modified@OMediaEngineImpSlave@@UAEXXZ"
829,"?master_modified@OMediaOMTCanvas@@UAEXXZ"
830,"?mat_conv_mode@OMedia3DShapeConverter@@1W4omt_3DMaterialConvertMode@@A"
831,"?merge_normals@OMedia3DShape@@UAEX_N@Z"
832,"?merge_points@OMedia3DShape@@UAEXM_N@Z"
833,"?mouse_down@OMediaInputEngine@@UAE_NXZ"
834,"?mouse_down@OMediaWinInputEngine@@UAE_NXZ"
835,"?mouse_track@OMediaViewPort@@MAEXPAVOMediaMouseTrackPick@@@Z"
836,"?mouse_track@OMediaWorld@@MAEXXZ"
837,"?move_block@OMediaFormattedStream@@MAEXKKK@Z"
838,"?move_chunk_to_end@OMediaFormattedStream@@MAEXPAVOMediaFSChunk@@@Z"
839,"?move_chunk_to_free_block@OMediaFormattedStream@@MAEXPAVOMediaFSChunk@@PAVOMediaFSBlock@@K@Z"
840,"?move_knob_to@OMediaScroller@@MAEXFFFF@Z"
841,"?move_knob_to@OMediaSlider@@MAEXFFFF@Z"
842,"?new_material_prefix@OMedia3DShapeConverter@@1V?$basic_string@DU?$char_traits@D@std@@V?$allocator@D@2@@std@@A"
843,"?new_port@OMediaDXRenderTarget@@UAEPAVOMediaRenderPort@@XZ"
844,"?new_port@OMediaOMTRenderTarget@@UAEPAVOMediaRenderPort@@XZ"
845,"?new_port@OMediaRenderTarget@@UAEPAVOMediaRenderPort@@XZ"
846,"?new_target@OMediaDXRenderer@@UAEPAVOMediaRenderTarget@@XZ"
847,"?new_target@OMediaOMTRenderer@@UAEPAVOMediaRenderTarget@@XZ"
848,"?new_target@OMediaRenderer@@UAEPAVOMediaRenderTarget@@XZ"
849,"?num_point_shared@OMedia3DPolygon@@QAEFAAV1@@Z"
850,"?obj_conv_mode@OMedia3DShapeConverter@@1W4omt_3DObjectConvertMode@@A"
851,"?object_exists@OMediaDataBase@@UAE_NKJ@Z"
852,"?object_exists@OMediaDataBase@@UAE_NKV?$basic_string@DU?$char_traits@D@std@@V?$allocator@D@2@@std@@@Z"
853,"?object_loaded@OMediaDataBase@@UAE_NKJ@Z"
854,"?offset_textures@OMedia3DShape@@UAEXMM_N@Z"
855,"?omf_bfunc_Dst_Alpha@OMediaBlendTable@@SAXPAK00PAF@Z"
856,"?omf_bfunc_Dst_Color@OMediaBlendTable@@SAXPAK00PAF@Z"
857,"?omf_bfunc_Inv_Dst_Alpha@OMediaBlendTable@@SAXPAK00PAF@Z"
858,"?omf_bfunc_Inv_Dst_Color@OMediaBlendTable@@SAXPAK00PAF@Z"
859,"?omf_bfunc_Inv_Src_Alpha@OMediaBlendTable@@SAXPAK00PAF@Z"
860,"?omf_bfunc_Inv_Src_Color@OMediaBlendTable@@SAXPAK00PAF@Z"
861,"?omf_bfunc_One@OMediaBlendTable@@SAXPAK00PAF@Z"
862,"?omf_bfunc_Src_Alpha@OMediaBlendTable@@SAXPAK00PAF@Z"
863,"?omf_bfunc_Src_Alpha_Saturate@OMediaBlendTable@@SAXPAK00PAF@Z"
864,"?omf_bfunc_Src_Color@OMediaBlendTable@@SAXPAK00PAF@Z"
865,"?omf_bfunc_Zero@OMediaBlendTable@@SAXPAK00PAF@Z"
866,"?omf_bfunc_argb_Dst_Alpha@OMediaBlendTable@@SAXPAK00PAF@Z"
867,"?omf_bfunc_argb_Dst_Color@OMediaBlendTable@@SAXPAK00PAF@Z"
868,"?omf_bfunc_argb_Inv_Dst_Alpha@OMediaBlendTable@@SAXPAK00PAF@Z"
869,"?omf_bfunc_argb_Inv_Dst_Color@OMediaBlendTable@@SAXPAK00PAF@Z"
870,"?omf_bfunc_argb_Inv_Src_Alpha@OMediaBlendTable@@SAXPAK00PAF@Z"
871,"?omf_bfunc_argb_Inv_Src_Color@OMediaBlendTable@@SAXPAK00PAF@Z"
872,"?omf_bfunc_argb_One@OMediaBlendTable@@SAXPAK00PAF@Z"
873,"?omf_bfunc_argb_Src_Alpha@OMediaBlendTable@@SAXPAK00PAF@Z"
874,"?omf_bfunc_argb_Src_Alpha_Saturate@OMediaBlendTable@@SAXPAK00PAF@Z"
875,"?omf_bfunc_argb_Src_Color@OMediaBlendTable@@SAXPAK00PAF@Z"
876,"?omf_bfunc_argb_Zero@OMediaBlendTable@@SAXPAK00PAF@Z"
877,"?omt_dll_allocate@@YAPAXI@Z"
878,"?omt_dll_free@@YAXPAX@Z"
879,"?omt_to_win_options@OMediaWinRtgSerialStream@@SAXAAU_DCB@@W4omt_SerialBaudRate@@W4omt_SerialParity@@W4omt_SerialStopBits@@W4omt_SerialByteSize@@@Z"
880,"?open@OMediaFileStream@@UAEXW4omt_FilePermission@@_N1@Z"
881,"?open@OMediaSerialStream@@UAEXF@Z"
882,"?open_chunk@OMediaFormattedStream@@UAEXKJ@Z"
883,"?open_chunk@OMediaFormattedStream@@UAEXKV?$basic_string@DU?$char_traits@D@std@@V?$allocator@D@2@@std@@PAJ@Z"
884,"?open_formatstream@OMediaFormattedStream@@MAEXXZ"
885,"?osevent_to_omtevent@OMediaEventManager@@UAEXPAXPAVOMediaEvent@@@Z"
886,"?paint_emboss@OMediaCanvas@@UAEXAAVOMediaRect@@_NAAVOMediaARGBColor@@22W4omt_BlendFunc@@3@Z"
887,"?paint_emboss@OMediaCanvas@@UAEXAAVOMediaRect@@_NAAVOMediaFARGBColor@@22W4omt_BlendFunc@@3@Z"
888,"?pause@OMedia3DMorphAnim@@UAEX_N@Z"
889,"?pause@OMedia3DShapeAnim@@UAEX_N@Z"
890,"?pause@OMediaAnim@@UAEX_N@Z"
891,"?pause@OMediaCanvasAnim@@UAEX_N@Z"
892,"?pause@OMediaElement@@UAEX_N@Z"
893,"?pause@OMediaWorld@@UAEX_N@Z"
894,"?pause_elements@OMediaWorld@@MAEX_NViterator@?$list@PAVOMediaElement@@V?$allocator@PAVOMediaElement@@@std@@@std@@1@Z"
895,"?pause_millisecs@OMediaTimeCounter@@SAX_N@Z"
896,"?periodical_aborted@OMediaPeriodical@@1_NA"
897,"?periodical_list@OMediaPeriodical@@1PAV?$list@PAVOMediaPeriodical@@V?$allocator@PAVOMediaPeriodical@@@std@@@std@@A"
898,"?pick@OMediaViewPort@@UAEXAAVOMediaPickRequest@@@Z"
899,"?pick_tab_buffer@OMediaDXRenderPort@@1PAPAVOMediaDXPickVert@@A"
900,"?pick_tab_buffer_size@OMediaDXRenderPort@@1KA"
901,"?picking_mode@OMediaAnimPeriodical@@1PAVOMediaPickRequest@@A"
902,"?place@OMediaSingleWindow@@UAEXFF@Z"
903,"?place@OMediaWindow@@UAEXFF@Z"
904,"?play@OMediaDXFFEffect@@UAEX_N@Z"
905,"?play@OMediaDXSoundChannel@@UAE_NPAVOMediaSound@@_N1@Z"
906,"?play@OMediaFFEffect@@UAEX_N@Z"
907,"?play@OMediaSoundChannel@@UAE_NPAVOMediaSound@@_N1@Z"
908,"?play@OMediaSoundEngine@@UAE_NJPAVOMediaSound@@_N1@Z"
909,"?play@OMediaWinSoundChannel@@UAE_NPAVOMediaSound@@_N1@Z"
910,"?png_export@OMediaCanvas@@UAEXAAVOMediaStreamOperators@@@Z"
911,"?point_buffer@OMediaPipeline@@1PAVOMediaPipePointBuffer@@A"
912,"?point_to_directcolor@OMediaOMTRenderPort@@IAEKPAVOMediaPipePoint@@@Z"
913,"?poly_buffer@OMediaPipeline@@1PAVOMediaPipePolygonBuffer@@A"
914,"?port_counter@OMediaOMTRenderPort@@1KA"
915,"?prepare@OMedia3DShape@@UAEXG@Z"
916,"?prepare_context@OMediaDXRenderTarget@@UAEXPAVOMediaWindow@@@Z"
917,"?prepare_context@OMediaOMTRenderPort@@MAEXXZ"
918,"?prepare_lights@OMediaElement@@IAEXPAVOMediaRendererInterface@@AAVOMediaSphere@@PAV?$list@PAVOMediaLight@@V?$allocator@PAVOMediaLight@@@std@@@std@@AAVOMediaMatrix_4x4@@@Z"
919,"?prepare_projection_matrix@OMediaLayer@@UAEXGAAVOMediaMatrix_4x4@@MM@Z"
920,"?prevInstance@OMediaWinStoreStartInfo@@2PAUHINSTANCE__@@A"
921,"?process_canvas_picking@OMediaCanvasElement@@MAEXPAVOMediaPickRequest@@PAV?$vector@VOMediaPickHit@@V?$allocator@VOMediaPickHit@@@std@@@std@@AAVOMediaMatrix_4x4@@2@Z"
922,"?process_canvas_surface_picking@OMediaCanvasElement@@MAEXPAVOMediaPickRequest@@AAVOMediaPickResult@@AAVOMediaMatrix_4x4@@2@Z"
923,"?process_keyfilter@OMediaStringField@@MAE_NPBVOMediaEvent@@@Z"
924,"?process_particle_picking@OMediaParticleEmitter@@MAEXPAVOMediaPickRequest@@PAV?$vector@VOMediaPickHit@@V?$allocator@VOMediaPickHit@@@std@@@std@@@Z"
925,"?process_polygon_surface_picking@OMedia3DShapeElement@@MAEXPAVOMediaPickRequest@@PAVOMediaPickSubResult@@AAVOMediaMatrix_4x4@@2@Z"
926,"?process_primitive_picking@OMediaPrimitiveElement@@MAEXPAVOMediaPickRequest@@PAV?$vector@VOMediaPickHit@@V?$allocator@VOMediaPickHit@@@std@@@std@@@Z"
927,"?process_selecting@OMediaStringField@@MAEXM@Z"
928,"?process_shape_picking@OMedia3DShapeElement@@MAEXPAVOMediaPickRequest@@PAV?$vector@VOMediaPickHit@@V?$allocator@VOMediaPickHit@@@std@@@std@@AAVOMediaMatrix_4x4@@2@Z"
929,"?project_point_uv@OMediaMathTools@@SA_NPAVOMediaProjectPointUV@@JMMAAVOMediaMatrix_4x4@@1AAM222_N@Z"
930,"?purge@OMedia3DMaterial@@UAEXXZ"
931,"?purge@OMedia3DShape@@UAEXXZ"
932,"?purge@OMediaAnimDef@@UAEXXZ"
933,"?purge@OMediaCanvas@@UAEXXZ"
934,"?purge@OMediaSound@@UAEXXZ"
935,"?purge_loaded_header@OMediaFormattedStream@@MAEXXZ"
936,"?purge_object@OMediaDataBase@@UAEXPAVOMediaDBObject@@_N@Z"
937,"?purge_objects@OMediaDataBase@@UAEJK@Z"
938,"?purge_objects_all@OMediaDataBase@@SAJK@Z"
939,"?purge_surface@OMediaSurfaceElement@@UAEXXZ"
940,"?quick_magnitude@OMedia3DVector@@QBEMXZ"
941,"?raw_fill@OMediaBlitter@@SAXPAEKF@Z"
942,"?ray_intersect@OMediaElement@@UAE_NAAVOMedia3DPoint@@AAVOMedia3DVector@@PAVOMediaCollisionCache@@AAM@Z"
943,"?read@OMediaStream@@UAEXPAXK@Z"
944,"?read@OMediaStreamOperators@@UAEXPAXK@Z"
945,"?read_class@OMedia3DMaterial@@UAEXAAVOMediaStreamOperators@@@Z"
946,"?read_class@OMedia3DMorphAnimDef@@UAEXAAVOMediaStreamOperators@@@Z"
947,"?read_class@OMedia3DMorphAnimFrame@@UAEXAAVOMediaStreamOperators@@@Z"
948,"?read_class@OMedia3DPolygon@@UAEXAAVOMediaStreamOperators@@@Z"
949,"?read_class@OMedia3DShape@@UAEXAAVOMediaStreamOperators@@@Z"
950,"?read_class@OMedia3DShapeAnimDef@@UAEXAAVOMediaStreamOperators@@@Z"
951,"?read_class@OMedia3DShapeAnimFrame@@UAEXAAVOMediaStreamOperators@@@Z"
952,"?read_class@OMedia3DShapeElement@@UAEXAAVOMediaStreamOperators@@@Z"
953,"?read_class@OMediaAnimDef@@UAEXAAVOMediaStreamOperators@@@Z"
954,"?read_class@OMediaAnimFrame@@UAEXAAVOMediaStreamOperators@@@Z"
955,"?read_class@OMediaCanvas@@UAEXAAVOMediaStreamOperators@@@Z"
956,"?read_class@OMediaCanvasAnimDef@@UAEXAAVOMediaStreamOperators@@@Z"
957,"?read_class@OMediaCanvasAnimFrame@@UAEXAAVOMediaStreamOperators@@@Z"
958,"?read_class@OMediaCanvasElement@@UAEXAAVOMediaStreamOperators@@@Z"
959,"?read_class@OMediaClassStreamer@@UAEXAAVOMediaStreamOperators@@@Z"
960,"?read_class@OMediaDBObject@@UAEXAAVOMediaStreamOperators@@@Z"
961,"?read_class@OMediaDBObjectStreamLink@@UAEXAAVOMediaStreamOperators@@@Z"
962,"?read_class@OMediaElement@@UAEXAAVOMediaStreamOperators@@@Z"
963,"?read_class@OMediaElementContainer@@UAEXAAVOMediaStreamOperators@@@Z"
964,"?read_class@OMediaLight@@UAEXAAVOMediaStreamOperators@@@Z"
965,"?read_class@OMediaPrimitiveElement@@UAEXAAVOMediaStreamOperators@@@Z"
966,"?read_class@OMediaSound@@UAEXAAVOMediaStreamOperators@@@Z"
967,"?read_data@OMediaDXHIDElement@@UAEXAAVOMediaHIDElementData@@@Z"
968,"?read_data@OMediaHIDElement@@UAEXAAVOMediaHIDElementData@@@Z"
969,"?read_data@OMediaWinHIDElement_Key@@UAEXAAVOMediaHIDElementData@@@Z"
970,"?read_palette@OMediaOMTConverter@@UAEXXZ"
971,"?rebuild_flat_list@OMediaFormattedStream@@UAEXXZ"
972,"?rebuild_surface@OMediaCaption@@UAEXXZ"
973,"?rebuild_surface@OMediaScroller@@UAEXXZ"
974,"?rebuild_surface@OMediaSlider@@UAEXXZ"
975,"?rebuild_surface@OMediaStdButton@@MAEXXZ"
976,"?rebuild_surface@OMediaStringField@@UAEXXZ"
977,"?rebuild_surface@OMediaSurfaceElement@@UAEXXZ"
978,"?recalc_size@OMediaStringField@@MAEXXZ"
979,"?refresh@OMediaWindow@@UAEXXZ"
980,"?register_object@OMediaDataBase@@SAXKP6APAVOMediaDBObject@@XZJ@Z"
981,"?registred_builders@OMediaDataBase@@1PAV?$vector@VOMediaDBCtorRegistration@@V?$allocator@VOMediaDBCtorRegistration@@@std@@@std@@A"
982,"?related_materials@OMedia3DShapeConverter@@2V?$vector@JV?$allocator@J@std@@@std@@A"
983,"?related_morphdefs@OMedia3DShapeConverter@@2V?$vector@JV?$allocator@J@std@@@std@@A"
984,"?related_texturefile@OMedia3DShapeConverter@@2V?$vector@VOMedia3DShapeConvTFileName@@V?$allocator@VOMedia3DShapeConvTFileName@@@std@@@std@@A"
985,"?remap_to_A1555@OMediaBlitter@@SAXPAKPAGJ@Z"
986,"?remove_all@OMediaListener@@UAEXXZ"
987,"?remove_button@OMediaRadioGroup@@UAEXPAVOMediaAbstractButton@@@Z"
988,"?removelistener@OMediaBroadcaster@@UAEXPAVOMediaListener@@@Z"
989,"?render@OMediaDXRenderPort@@UAEXXZ"
990,"?render@OMediaDXRenderTarget@@UAEXXZ"
991,"?render@OMediaElement@@UAEXPAVOMediaRendererInterface@@AAVOMediaRenderHTransform@@AAVOMediaMatrix_4x4@@2PAV?$list@PAVOMediaLight@@V?$allocator@PAVOMediaLight@@@std@@@std@@PAV?$list@VOMediaRenderPreSortedElement@@V?$allocator@VOMediaRenderPreSortedElement@@@std@@@6@G@Z"
992,"?render@OMediaLayer@@UAEXPAVOMediaRendererInterface@@ABVOMediaRect@@AAVOMediaMatrix_4x4@@@Z"
993,"?render@OMediaOMTRenderPort@@UAEXXZ"
994,"?render@OMediaOMTRenderTarget@@UAEXXZ"
995,"?render@OMediaRenderPort@@UAEXXZ"
996,"?render@OMediaRenderTarget@@UAEXXZ"
997,"?render@OMediaRenderer@@UAEXXZ"
998,"?render_draw_shape@OMedia3DMorphAnim@@MAEXPAVOMediaRendererInterface@@PAVOMedia3DShape@@AA_N@Z"
999,"?render_draw_shape@OMedia3DShapeAnim@@MAEXPAVOMediaRendererInterface@@PAVOMedia3DShape@@AA_N@Z"
1000,"?render_draw_shape@OMedia3DShapeElement@@MAEXPAVOMediaRendererInterface@@PAVOMedia3DShape@@AA_N@Z"
1001,"?render_geometry@OMedia3DShapeElement@@UAEXPAVOMediaRendererInterface@@AAVOMediaMatrix_4x4@@11PAV?$list@PAVOMediaLight@@V?$allocator@PAVOMediaLight@@@std@@@std@@G@Z"
1002,"?render_geometry@OMediaCanvasElement@@UAEXPAVOMediaRendererInterface@@AAVOMediaMatrix_4x4@@11PAV?$list@PAVOMediaLight@@V?$allocator@PAVOMediaLight@@@std@@@std@@G@Z"
1003,"?render_geometry@OMediaElement@@UAEXPAVOMediaRendererInterface@@AAVOMediaMatrix_4x4@@11PAV?$list@PAVOMediaLight@@V?$allocator@PAVOMediaLight@@@std@@@std@@G@Z"
1004,"?render_geometry@OMediaParticleEmitter@@UAEXPAVOMediaRendererInterface@@AAVOMediaMatrix_4x4@@11PAV?$list@PAVOMediaLight@@V?$allocator@PAVOMediaLight@@@std@@@std@@G@Z"
1005,"?render_geometry@OMediaPrimitiveElement@@UAEXPAVOMediaRendererInterface@@AAVOMediaMatrix_4x4@@11PAV?$list@PAVOMediaLight@@V?$allocator@PAVOMediaLight@@@std@@@std@@G@Z"
1006,"?render_geometry@OMediaSurfaceElement@@UAEXPAVOMediaRendererInterface@@AAVOMediaMatrix_4x4@@11PAV?$list@PAVOMediaLight@@V?$allocator@PAVOMediaLight@@@std@@@std@@G@Z"
1007,"?render_particles@OMediaParticleEmitter@@UAEXPAVOMediaRendererInterface@@@Z"
1008,"?render_polygon_lines@OMediaOMTRenderPort@@IAEXPAVOMediaPipePolygon@@@Z"
1009,"?render_polygon_points@OMediaOMTRenderPort@@IAEXPAVOMediaPipePolygon@@@Z"
1010,"?render_polygon_shaded@OMediaOMTRenderPort@@IAEXPAVOMediaPipePolygon@@@Z"
1011,"?render_polygon_surface@OMediaOMTRenderPort@@IAEXPAVOMediaPipePolygon@@@Z"
1012,"?render_polygon_texture16@OMediaOMTRenderPort@@IAEXPAVOMediaPipePolygon@@@Z"
1013,"?render_polygon_texture32@OMediaOMTRenderPort@@IAEXPAVOMediaPipePolygon@@@Z"
1014,"?render_presorted_element@OMediaLayer@@MAEXPAVOMediaRendererInterface@@PAV?$list@VOMediaRenderPreSortedElement@@V?$allocator@VOMediaRenderPreSortedElement@@@std@@@std@@AAVOMediaMatrix_4x4@@G_N@Z"
1015,"?render_reject@OMedia3DShapeElement@@UAE_NAAVOMediaMatrix_4x4@@0PAVOMediaRendererInterface@@@Z"
1016,"?render_reject@OMediaCanvasElement@@UAE_NAAVOMediaMatrix_4x4@@0PAVOMediaRendererInterface@@@Z"
1017,"?render_reject@OMediaElement@@UAE_NAAVOMediaMatrix_4x4@@0PAVOMediaRendererInterface@@@Z"
1018,"?render_reject@OMediaParticleEmitter@@MAE_NAAVOMediaMatrix_4x4@@0PAVOMediaRendererInterface@@@Z"
1019,"?render_reject@OMediaSurfaceElement@@UAE_NAAVOMediaMatrix_4x4@@0PAVOMediaRendererInterface@@@Z"
1020,"?render_sub_elements@OMediaElement@@MAEXPAVOMediaRendererInterface@@AAVOMediaRenderHTransform@@AAVOMediaMatrix_4x4@@2PAV?$list@PAVOMediaLight@@V?$allocator@PAVOMediaLight@@@std@@@std@@PAV?$list@VOMediaRenderPreSortedElement@@V?$allocator@VOMediaRenderPreSortedElement@@@std@@@6@G@Z"
1021,"?render_viewport@OMediaViewPort@@UAEXPAVOMediaRendererInterface@@@Z"
1022,"?replace_anim_periocial@OMediaAnimPeriodical@@SAXPAV1@@Z"
1023,"?reset@OMedia3DShapeElement@@UAEXXZ"
1024,"?reset@OMediaCanvasElement@@UAEXXZ"
1025,"?reset@OMediaElement@@UAEXXZ"
1026,"?reset@OMediaElementContainer@@UAEXXZ"
1027,"?reset@OMediaLight@@UAEXXZ"
1028,"?reset@OMediaParticleEmitter@@UAEXXZ"
1029,"?reset@OMediaPrimitiveElement@@UAEXXZ"
1030,"?restore_stream_context@OMediaFormattedStream@@UAEXXZ"
1031,"?rotate@OMedia3DShape@@UAEXFFF@Z"
1032,"?rotate_textures@OMedia3DShape@@UAEXFMM_N@Z"
1033,"?save_header@OMediaFormattedStream@@MAEXXZ"
1034,"?save_header_data@OMediaFormattedStream@@MAEXXZ"
1035,"?scale@OMedia3DShape@@UAEXMMM@Z"
1036,"?scale_textures@OMedia3DShape@@UAEXMMMM_N@Z"
1037,"?scroll_to_selection@OMediaStringField@@UAEX_N@Z"
1038,"?search_by_id@OMediaElementContainer@@UAEPAVOMediaElement@@J@Z"
1039,"?search_freeblock_minsize@OMediaFormattedStream@@MAEPAVOMediaFSBlock@@K@Z"
1040,"?search_freeblock_minsize_before@OMediaFormattedStream@@MAEPAVOMediaFSBlock@@KK@Z"
1041,"?search_freeblock_offset@OMediaFormattedStream@@MAEPAVOMediaFSBlock@@K@Z"
1042,"?segment_intersection@OMediaMathTools@@SA_NMMMMMMMMAAM0@Z"
1043,"?segment_intersection_for@OMediaMathTools@@SA_NMMMMMMMMMM@Z"
1044,"?select@OMediaAbstractButton@@UAEXXZ"
1045,"?select@OMediaCanvasButton@@UAEXXZ"
1046,"?select@OMediaStdButton@@UAEXXZ"
1047,"?select_all@OMedia3DShape@@UAEXXZ"
1048,"?select_renderer@OMediaDXVideoEngine@@UAEXPAVOMediaRendererDef@@G@Z"
1049,"?select_renderer@OMediaVideoEngine@@UAEXPAVOMediaRendererDef@@G@Z"
1050,"?select_renderer@OMediaWinVideoEngine@@UAEXPAVOMediaRendererDef@@G@Z"
1051,"?select_waiting_field@OMediaStringField@@1PAV1@A"
1052,"?send_polygons@OMediaOMTRenderPort@@QAEXXZ"
1053,"?set_anim_def@OMedia3DMorphAnim@@UAEXPAVOMedia3DMorphAnimDef@@@Z"
1054,"?set_anim_def@OMedia3DShapeAnim@@UAEXPAVOMedia3DShapeAnimDef@@@Z"
1055,"?set_anim_def@OMediaAnim@@UAEXPAVOMediaAnimDef@@@Z"
1056,"?set_anim_def@OMediaCanvasAnim@@UAEXPAVOMediaCanvasAnimDef@@@Z"
1057,"?set_backcolor@OMediaFullscreenWindow@@UAEXABVOMediaRGBColor@@@Z"
1058,"?set_backcolor@OMediaSingleWindow@@UAEXABVOMediaRGBColor@@@Z"
1059,"?set_backcolor@OMediaWindow@@UAEXABVOMediaRGBColor@@@Z"
1060,"?set_blend@OMediaDXRenderPort@@UAEXW4omt_Blend@@@Z"
1061,"?set_blend@OMediaPipeline@@UAEXW4omt_Blend@@@Z"
1062,"?set_blend_func@OMediaDXRenderPort@@UAEXW4omt_BlendFunc@@0@Z"
1063,"?set_blend_func@OMediaPipeline@@UAEXW4omt_BlendFunc@@0@Z"
1064,"?set_bounds@OMediaOMTRenderPort@@UAEXAAVOMediaRect@@@Z"
1065,"?set_bounds@OMediaRenderPort@@UAEXAAVOMediaRect@@@Z"
1066,"?set_buffer_format@OMediaDXSoundEngine@@UAEXPAVOMediaSound@@@Z"
1067,"?set_buffer_format@OMediaSoundEngine@@UAEXPAVOMediaSound@@@Z"
1068,"?set_buffer_size@OMediaStream@@UAEXJ@Z"
1069,"?set_cache_size@OMediaDataBase@@SAXK@Z"
1070,"?set_canvas@OMediaCanvasAnimFrame@@UAEXPAVOMediaCanvas@@@Z"
1071,"?set_canvas@OMediaCanvasElement@@UAEXPAVOMediaCanvas@@@Z"
1072,"?set_canvas_down@OMediaCanvasButton@@UAEXPAVOMediaCanvas@@@Z"
1073,"?set_canvas_up@OMediaCanvasButton@@UAEXPAVOMediaCanvas@@@Z"
1074,"?set_chunk_compression@OMediaFormattedStream@@UAEXKJG@Z"
1075,"?set_chunk_name@OMediaDBObject@@UAEXV?$basic_string@DU?$char_traits@D@std@@V?$allocator@D@2@@std@@@Z"
1076,"?set_color@OMedia3DMaterial@@QAEXABVOMediaFRGBColor@@MMMM@Z"
1077,"?set_current_process_priority@OMediaThread@@SAXW4omt_TaskPriority@@@Z"
1078,"?set_current_thread_priority@OMediaThread@@SAXW4omt_TaskPriority@@@Z"
1079,"?set_dbsize_dirty@OMediaDataBase@@UAEXXZ"
1080,"?set_default_inverse_table@OMediaCanvasFont@@UAEXXZ"
1081,"?set_default_preference_path@OMediaFilePath@@UAEXV?$basic_string@DU?$char_traits@D@std@@V?$allocator@D@2@@std@@KK@Z"
1082,"?set_fill_mode@OMediaDXRenderPort@@UAEXW4omt_FillMode@@@Z"
1083,"?set_fill_mode@OMediaPipeline@@UAEXW4omt_FillMode@@@Z"
1084,"?set_flags_millisecs@OMediaTimeCounter@@SAXG@Z"
1085,"?set_focus@OMediaFocus@@UAEX_N@Z"
1086,"?set_fog_color@OMediaDXRenderPort@@UAEXK@Z"
1087,"?set_fog_color@OMediaPipeline@@UAEXK@Z"
1088,"?set_fog_range@OMediaDXRenderPort@@UAEXMM@Z"
1089,"?set_fog_range@OMediaPipeline@@UAEXMM@Z"
1090,"?set_font_canvas@OMediaCanvasFont@@UAEXPAVOMediaCanvas@@@Z"
1091,"?set_font_canvas@OMediaCanvasFont@@UAEXPAVOMediaCanvas@@JJJ@Z"
1092,"?set_frequency@OMediaDXSoundChannel@@UAEXK@Z"
1093,"?set_frequency@OMediaSoundChannel@@UAEXK@Z"
1094,"?set_input_engine@OMediaWorld@@UAEXPAVOMediaInputEngine@@@Z"
1095,"?set_internal_pixel_format@OMediaCanvas@@UAEXK@Z"
1096,"?set_inverse_table@OMediaCanvasFont@@UAEXPAG@Z"
1097,"?set_light_ambient@OMediaDXRenderPort@@UAEXJAAVOMediaFARGBColor@@@Z"
1098,"?set_light_ambient@OMediaPipeline@@UAEXJAAVOMediaFARGBColor@@@Z"
1099,"?set_light_attenuation@OMediaDXRenderPort@@UAEXJMMMM@Z"
1100,"?set_light_attenuation@OMediaPipeline@@UAEXJMMMM@Z"
1101,"?set_light_diffuse@OMediaDXRenderPort@@UAEXJAAVOMediaFARGBColor@@@Z"
1102,"?set_light_diffuse@OMediaPipeline@@UAEXJAAVOMediaFARGBColor@@@Z"
1103,"?set_light_dir@OMediaDXRenderPort@@UAEXJAAVOMedia3DVector@@@Z"
1104,"?set_light_dir@OMediaPipeline@@UAEXJAAVOMedia3DVector@@@Z"
1105,"?set_light_global_ambient@OMediaDXRenderPort@@UAEXAAVOMediaFARGBColor@@@Z"
1106,"?set_light_global_ambient@OMediaPipeline@@UAEXAAVOMediaFARGBColor@@@Z"
1107,"?set_light_pos@OMediaDXRenderPort@@UAEXJAAVOMedia3DPoint@@@Z"
1108,"?set_light_pos@OMediaPipeline@@UAEXJAAVOMedia3DPoint@@@Z"
1109,"?set_light_specular@OMediaDXRenderPort@@UAEXJAAVOMediaFARGBColor@@@Z"
1110,"?set_light_specular@OMediaPipeline@@UAEXJAAVOMediaFARGBColor@@@Z"
1111,"?set_light_spot_cutoff@OMediaDXRenderPort@@UAEXJM@Z"
1112,"?set_light_spot_cutoff@OMediaPipeline@@UAEXJM@Z"
1113,"?set_light_spot_exponent@OMediaDXRenderPort@@UAEXJM@Z"
1114,"?set_light_spot_exponent@OMediaPipeline@@UAEXJM@Z"
1115,"?set_light_type@OMediaDXRenderPort@@UAEXJW4omt_LightType@@@Z"
1116,"?set_light_type@OMediaPipeline@@UAEXJW4omt_LightType@@@Z"
1117,"?set_material@OMedia3DPolygon@@QAEXPAVOMedia3DMaterial@@@Z"
1118,"?set_material@OMedia3DShape@@UAEXPAVOMedia3DMaterial@@@Z"
1119,"?set_material@OMediaDXRenderPort@@UAEXAAVOMediaFARGBColor@@000M@Z"
1120,"?set_material@OMediaPipeline@@UAEXAAVOMediaFARGBColor@@000M@Z"
1121,"?set_max_size@OMediaSingleWindow@@UAEXFF@Z"
1122,"?set_max_size@OMediaWindow@@UAEXFF@Z"
1123,"?set_menu@OMediaSingleWindow@@UAEXPAVOMediaMenu@@@Z"
1124,"?set_menu@OMediaWindow@@UAEXPAVOMediaMenu@@@Z"
1125,"?set_millisecs_trap@OMediaTimeCounter@@SAXP6AKXZ@Z"
1126,"?set_min_size@OMediaSingleWindow@@UAEXFF@Z"
1127,"?set_min_size@OMediaWindow@@UAEXFF@Z"
1128,"?set_mode@OMediaDXVideoEngine@@UAEXPAVOMediaVideoMode@@@Z"
1129,"?set_mode@OMediaVideoEngine@@UAEXPAVOMediaVideoMode@@@Z"
1130,"?set_mode@OMediaWinVideoEngine@@UAEXPAVOMediaVideoMode@@@Z"
1131,"?set_model_view@OMediaDXRenderPort@@UAEXAAVOMediaMatrix_4x4@@@Z"
1132,"?set_model_view@OMediaPipeline@@UAEXAAVOMediaMatrix_4x4@@@Z"
1133,"?set_nchannels@OMediaSoundEngine@@UAEJJ@Z"
1134,"?set_object@OMediaDataBase@@UAEXPAVOMediaDBObject@@KJ@Z"
1135,"?set_options@OMediaSerialStream@@UAEXW4omt_SerialBaudRate@@W4omt_SerialParity@@W4omt_SerialStopBits@@W4omt_SerialByteSize@@@Z"
1136,"?set_override_material_fill_mode@OMediaDXRenderPort@@UAEX_N@Z"
1137,"?set_override_material_fill_mode@OMediaPipeline@@UAEX_N@Z"
1138,"?set_pan@OMediaDXSoundChannel@@UAEXJ@Z"
1139,"?set_pan@OMediaSoundChannel@@UAEXJ@Z"
1140,"?set_picking_id@OMediaDXRenderPort@@UAEXK@Z"
1141,"?set_picking_id@OMediaPipeline@@UAEXK@Z"
1142,"?set_point@OMedia3DPolygon@@QAEXFK_N@Z"
1143,"?set_projection@OMediaDXRenderPort@@UAEXAAVOMediaMatrix_4x4@@@Z"
1144,"?set_projection@OMediaPipeline@@UAEXAAVOMediaMatrix_4x4@@@Z"
1145,"?set_proportional_tab@OMediaCanvasFont@@UAEXPAFF@Z"
1146,"?set_quad@OMedia3DPolygon@@QAEXXZ"
1147,"?set_shade_mode@OMediaDXRenderPort@@UAEXW4omt_ShadeMode@@@Z"
1148,"?set_shade_mode@OMediaPipeline@@UAEXW4omt_ShadeMode@@@Z"
1149,"?set_shape@OMedia3DShapeAnimFrame@@QAEXPAVOMedia3DShape@@@Z"
1150,"?set_shape@OMedia3DShapeElement@@UAEXPAVOMedia3DShape@@@Z"
1151,"?set_shape@OMediaMouseCursor@@SAXW4omt_MouseCursorShape@@@Z"
1152,"?set_size@OMediaSingleWindow@@UAEXFF@Z"
1153,"?set_size@OMediaWindow@@UAEXFF@Z"
1154,"?set_string@OMediaStringField@@UAEXV?$basic_string@DU?$char_traits@D@std@@V?$allocator@D@2@@std@@@Z"
1155,"?set_supervisor@OMediaSupervisor@@UAEXPAV1@@Z"
1156,"?set_sysmouse_position@OMediaInputEngine@@UAEXFF@Z"
1157,"?set_sysmouse_position@OMediaWinInputEngine@@UAEXFF@Z"
1158,"?set_texture@OMedia3DMaterial@@UAEXPAVOMediaCanvas@@@Z"
1159,"?set_texture@OMediaDXRenderPort@@UAEXPAVOMediaCanvas@@@Z"
1160,"?set_texture@OMediaPipeline@@UAEXPAVOMediaCanvas@@@Z"
1161,"?set_texture@OMediaPrimitiveElement@@UAEXPAVOMediaCanvas@@@Z"
1162,"?set_title@OMediaFullscreenWindow@@UAEXV?$basic_string@DU?$char_traits@D@std@@V?$allocator@D@2@@std@@@Z"
1163,"?set_title@OMediaSingleWindow@@UAEXV?$basic_string@DU?$char_traits@D@std@@V?$allocator@D@2@@std@@@Z"
1164,"?set_title@OMediaWindow@@UAEXV?$basic_string@DU?$char_traits@D@std@@V?$allocator@D@2@@std@@@Z"
1165,"?set_translation_tab@OMediaCanvasFont@@UAEXPBGF@Z"
1166,"?set_triangle@OMedia3DPolygon@@QAEXXZ"
1167,"?set_two_sided@OMedia3DShape@@UAEX_N@Z"
1168,"?set_vertex_color@OMedia3DPolygon@@QAEXFK@Z"
1169,"?set_vertex_normal@OMedia3DPolygon@@QAEXFK@Z"
1170,"?set_volume@OMediaDXSoundChannel@@UAEXF@Z"
1171,"?set_volume@OMediaSoundChannel@@UAEXF@Z"
1172,"?set_zbuffer_func@OMediaDXRenderPort@@UAEXW4omt_ZBufferFunc@@@Z"
1173,"?set_zbuffer_func@OMediaOMTRenderPort@@UAEXW4omt_ZBufferFunc@@@Z"
1174,"?set_zbuffer_func@OMediaPipeline@@UAEXW4omt_ZBufferFunc@@@Z"
1175,"?set_zbuffer_test@OMediaDXRenderPort@@UAEXW4omt_ZBufferTest@@@Z"
1176,"?set_zbuffer_test@OMediaOMTRenderPort@@UAEXW4omt_ZBufferTest@@@Z"
1177,"?set_zbuffer_test@OMediaPipeline@@UAEXW4omt_ZBufferTest@@@Z"
1178,"?set_zbuffer_write@OMediaDXRenderPort@@UAEXW4omt_ZBufferWrite@@@Z"
1179,"?set_zbuffer_write@OMediaOMTRenderPort@@UAEXW4omt_ZBufferWrite@@@Z"
1180,"?set_zbuffer_write@OMediaPipeline@@UAEXW4omt_ZBufferWrite@@@Z"
1181,"?setbgr16bits@OMediaRGBColor@@QAEXG@Z"
1182,"?setbgr32bits@OMediaRGBColor@@QAEXK@Z"
1183,"?setblue8bits@OMediaRGBColor@@QAEXE@Z"
1184,"?setbounds@OMediaViewPort@@UAEXPAVOMediaRect@@@Z"
1185,"?setcurrentframe@OMediaAnim@@UAEXJJ@Z"
1186,"?setcurrentframe@OMediaAnim@@UAEXPAVOMediaAnimFrame@@@Z"
1187,"?setcurrentsequence@OMediaAnim@@UAEXJ_N@Z"
1188,"?setframespeed_tb@OMediaAnimFrame@@UAEXM@Z"
1189,"?setgreen8bits@OMediaRGBColor@@QAEXE@Z"
1190,"?setnsequences@OMediaAnimDef@@UAEXK@Z"
1191,"?setoffset@OMediaAnimFrame@@UAEXMMM@Z"
1192,"?setpath@OMediaFilePath@@UAEXPBV1@@Z"
1193,"?setpath@OMediaFilePath@@UAEXV?$basic_string@DU?$char_traits@D@std@@V?$allocator@D@2@@std@@KK@Z"
1194,"?setpath@OMediaFilePath@@UAEXV?$basic_string@DU?$char_traits@D@std@@V?$allocator@D@2@@std@@PBV1@KK@Z"
1195,"?setpath@OMediaFileStream@@UAEXPBVOMediaFilePath@@@Z"
1196,"?setplay_timebased@OMediaAnim@@UAEX_N@Z"
1197,"?setposition@OMediaStream@@UAEXKF@Z"
1198,"?setposition@OMediaStreamOperators@@UAEXKF@Z"
1199,"?setred8bits@OMediaRGBColor@@QAEXE@Z"
1200,"?setrgb16bits@OMediaRGBColor@@QAEXG@Z"
1201,"?setrgb32bits@OMediaRGBColor@@QAEXK@Z"
1202,"?setsize@OMediaMoveableMem@@UAEXJ@Z"
1203,"?setsize@OMediaStream@@UAEXK@Z"
1204,"?setsize@OMediaStreamOperators@@UAEXK@Z"
1205,"?shape@OMediaMouseCursor@@1W4omt_MouseCursorShape@@A"
1206,"?show@OMediaFullscreenWindow@@UAEXXZ"
1207,"?show@OMediaMouseCursor@@SAXXZ"
1208,"?show@OMediaSingleWindow@@UAEXXZ"
1209,"?show@OMediaWindow@@UAEXXZ"
1210,"?showState@OMediaWinStoreStartInfo@@2HA"
1211,"?spend_time@OMediaAnimPeriodical@@UAEXXZ"
1212,"?spend_time@OMediaDXHID@@UAEXXZ"
1213,"?spend_time@OMediaDXSoundChannel@@UAEXXZ"
1214,"?spend_time@OMediaEventManager@@UAEXXZ"
1215,"?spend_time@OMediaPeriodical@@UAEXXZ"
1216,"?spend_time@OMediaSoundChannel@@UAEXXZ"
1217,"?spend_time@OMediaWinSoundChannel@@UAEXXZ"
1218,"?sphere_ray_intersect@OMediaMathTools@@SA_NPBM00MAAFPAM@Z"
1219,"?start@OMediaApplication@@UAEXXZ"
1220,"?start_force_feedback@OMediaDXHID@@UAEXXZ"
1221,"?start_force_feedback@OMediaHumanInterfaceDevice@@UAEXXZ"
1222,"?start_light_edit@OMediaDXRenderPort@@UAEXXZ"
1223,"?start_light_edit@OMediaPipeline@@UAEXXZ"
1224,"?start_new_shape@OMedia3DShapeConverter@@MAE_NV?$basic_string@DU?$char_traits@D@std@@V?$allocator@D@2@@std@@_N@Z"
1225,"?start_picking@OMediaDXRenderPort@@UAEXK@Z"
1226,"?start_picking@OMediaPipeline@@UAEXK@Z"
1227,"?start_selecting@OMediaStringField@@MAEXJJ@Z"
1228,"?startinfo_stored@OMediaWinStoreStartInfo@@2_NA"
1229,"?stop@OMediaDXFFEffect@@UAEXXZ"
1230,"?stop@OMediaDXSoundChannel@@UAEXXZ"
1231,"?stop@OMediaFFEffect@@UAEXXZ"
1232,"?stop@OMediaSoundChannel@@UAEXXZ"
1233,"?stop@OMediaWinSoundChannel@@UAEXXZ"
1234,"?stop_force_feedback@OMediaDXHID@@UAEXXZ"
1235,"?stop_force_feedback@OMediaHumanInterfaceDevice@@UAEXXZ"
1236,"?stop_move@OMediaScroller@@MAEXXZ"
1237,"?stop_move@OMediaSlider@@MAEXXZ"
1238,"?store_stream_context@OMediaFormattedStream@@UAEXXZ"
1239,"?stream2buffer@OMediaStream@@MAEXJ_N@Z"
1240,"?string2double@OMediaStringTools@@SANABV?$basic_string@DU?$char_traits@D@std@@V?$allocator@D@2@@std@@@Z"
1241,"?string2long@OMediaStringTools@@SAJABV?$basic_string@DU?$char_traits@D@std@@V?$allocator@D@2@@std@@@Z"
1242,"?t16_fill_text_flat_16@OMediaTextSegmentRasterizer@@SAXPAGPAEKKKJJJJJJGGGGGGGJW4omt_BlendFunc@@2@Z"
1243,"?t16_fill_text_flat_32@OMediaTextSegmentRasterizer@@SAXPAKPAEKKKJJJJJJGGGGGGGJW4omt_BlendFunc@@2@Z"
1244,"?t16_fill_text_flat_nomod_16@OMediaTextSegmentRasterizer@@SAXPAGPAEKKKJJJJJJJW4omt_BlendFunc@@2@Z"
1245,"?t16_fill_text_flat_nomod_32@OMediaTextSegmentRasterizer@@SAXPAKPAEKKKJJJJJJJW4omt_BlendFunc@@2@Z"
1246,"?t16_fill_text_flat_nomod_zb16@OMediaTextSegmentRasterizer@@SAXPAGPAEKKKJJJJJJ0KJW4omt_ZBufferFunc@@W4omt_ZBufferTest@@W4omt_ZBufferWrite@@JW4omt_BlendFunc@@5@Z"
1247,"?t16_fill_text_flat_nomod_zb32@OMediaTextSegmentRasterizer@@SAXPAKPAEKKKJJJJJJPAGKJW4omt_ZBufferFunc@@W4omt_ZBufferTest@@W4omt_ZBufferWrite@@JW4omt_BlendFunc@@6@Z"
1248,"?t16_fill_text_flat_zb16@OMediaTextSegmentRasterizer@@SAXPAGPAEKKKJJJJJJGGGGGGG0KJW4omt_ZBufferFunc@@W4omt_ZBufferTest@@W4omt_ZBufferWrite@@JW4omt_BlendFunc@@5@Z"
1249,"?t16_fill_text_flat_zb32@OMediaTextSegmentRasterizer@@SAXPAKPAEKKKJJJJJJGGGGGGGPAGKJW4omt_ZBufferFunc@@W4omt_ZBufferTest@@W4omt_ZBufferWrite@@JW4omt_BlendFunc@@6@Z"
1250,"?t16_fill_text_generic_16@OMediaTextSegmentRasterizer@@SAXPAGPAEKKKJJJJJJJJJJJJJJJJJJJJJW4omt_BlendFunc@@2@Z"
1251,"?t16_fill_text_generic_32@OMediaTextSegmentRasterizer@@SAXPAKPAEKKKJJJJJJJJJJJJJJJJJJJJJW4omt_BlendFunc@@2@Z"
1252,"?t16_fill_text_generic_zb16@OMediaTextSegmentRasterizer@@SAXPAGPAEKKKJJJJJJJJJJJJJJJJJJJJ0KJW4omt_ZBufferFunc@@W4omt_ZBufferTest@@W4omt_ZBufferWrite@@JW4omt_BlendFunc@@5@Z"
1253,"?t16_fill_text_generic_zb32@OMediaTextSegmentRasterizer@@SAXPAKPAEKKKJJJJJJJJJJJJJJJJJJJJPAGKJW4omt_ZBufferFunc@@W4omt_ZBufferTest@@W4omt_ZBufferWrite@@JW4omt_BlendFunc@@6@Z"
1254,"?theInstance@OMediaWinStoreStartInfo@@2PAUHINSTANCE__@@A"
1255,"?track@OMediaAbstractButton@@UAEXPAVOMediaMouseTrackPick@@PAVOMediaBroadcaster@@PAVOMediaElement@@@Z"
1256,"?translate@OMedia3DShape@@UAEXMMM@Z"
1257,"?translate_bottom@OMedia3DShape@@UAEXXZ"
1258,"?translate_far@OMedia3DShape@@UAEXXZ"
1259,"?translate_left@OMedia3DShape@@UAEXXZ"
1260,"?translate_near@OMedia3DShape@@UAEXXZ"
1261,"?translate_right@OMedia3DShape@@UAEXXZ"
1262,"?translate_top@OMedia3DShape@@UAEXXZ"
1263,"?tri_ray_intersect@OMediaMathTools@@SA_NPBM0000PAM11@Z"
1264,"?tri_sphere_intersect@OMediaMathTools@@SA_NABVOMedia3DPoint@@000M@Z"
1265,"?tri_tri_intersect@OMediaMathTools@@SA_NPBM00000@Z"
1266,"?tri_tri_quick_reject@OMediaMathTools@@SA_NPBM00000@Z"
1267,"?triangles_to_quads@OMedia3DShape@@UAEXM_N@Z"
1268,"?truncate_chunk@OMediaFormattedStream@@MAEXPAVOMediaFSChunk@@K@Z"
1269,"?turn_fog_off@OMediaDXRenderPort@@UAEXXZ"
1270,"?turn_fog_off@OMediaPipeline@@UAEXXZ"
1271,"?turn_fog_on@OMediaDXRenderPort@@UAEXXZ"
1272,"?turn_fog_on@OMediaPipeline@@UAEXXZ"
1273,"?uncompress@OMediaCompression@@SAXPAXJ0AAJ@Z"
1274,"?union_free_block@OMediaFormattedStream@@MAEXVOMediaFSBlock@@@Z"
1275,"?unlink@OMediaAnimFrame@@UAEXXZ"
1276,"?unlink@OMediaDXVideoEngine@@UAEXXZ"
1277,"?unlink@OMediaElement@@UAEXXZ"
1278,"?unlink@OMediaLayer@@UAEXXZ"
1279,"?unlink@OMediaLight@@UAEXXZ"
1280,"?unlink@OMediaVideoEngine@@UAEXXZ"
1281,"?unlink@OMediaWinVideoEngine@@UAEXXZ"
1282,"?unlink_layer@OMediaElement@@UAEXXZ"
1283,"?unlink_video_engine@OMediaFullscreenWindow@@UAEXPAVOMediaVideoEngine@@@Z"
1284,"?unlink_video_engine@OMediaWindow@@UAEXPAVOMediaVideoEngine@@@Z"
1285,"?unlink_window@OMediaViewPort@@UAEXXZ"
1286,"?unlock@OMediaCanvas@@UAEXXZ"
1287,"?unlock@OMediaDXHID@@UAEXXZ"
1288,"?unlock@OMediaEngineImpMaster@@UAEXXZ"
1289,"?unlock@OMediaEngineImplementation@@UAEXXZ"
1290,"?unlock@OMediaHumanInterfaceDevice@@UAEXXZ"
1291,"?unlock@OMediaMoveableMem@@UAEXXZ"
1292,"?unlock@OMediaWinHID_Keyboard@@UAEXXZ"
1293,"?unlock@OMediaWinOffscreenBuffer@@UAEXXZ"
1294,"?unshare_selected_vertices@OMedia3DShape@@UAEXXZ"
1295,"?update@OMediaDXFFEffect@@UAEXXZ"
1296,"?update@OMediaFFEffect@@UAEXXZ"
1297,"?update_crc@OMediaCRC@@KAKKPAEH@Z"
1298,"?update_elements@OMediaWorld@@MAEXViterator@?$list@PAVOMediaElement@@V?$allocator@PAVOMediaElement@@@std@@@std@@0M@Z"
1299,"?update_focus@OMediaFocus@@MAEX_N@Z"
1300,"?update_focus@OMediaStringField@@MAEX_N@Z"
1301,"?update_imp_slaves@OMediaEngineImpMaster@@UAEXXZ"
1302,"?update_logic@OMedia3DMorphAnim@@UAEXM@Z"
1303,"?update_logic@OMedia3DShapeAnim@@UAEXM@Z"
1304,"?update_logic@OMediaAnim@@UAEXM@Z"
1305,"?update_logic@OMediaCanvasAnim@@UAEXM@Z"
1306,"?update_logic@OMediaCanvasElement@@UAEXM@Z"
1307,"?update_logic@OMediaCaption@@UAEXM@Z"
1308,"?update_logic@OMediaElement@@UAEXM@Z"
1309,"?update_logic@OMediaScroller@@UAEXM@Z"
1310,"?update_logic@OMediaSlider@@UAEXM@Z"
1311,"?update_logic@OMediaStringField@@UAEXM@Z"
1312,"?update_logic@OMediaSurfaceElement@@UAEXM@Z"
1313,"?update_logic@OMediaWorld@@UAEXXZ"
1314,"?update_menu_states@OMediaEventManager@@UAEXXZ"
1315,"?update_message_state@OMediaApplication@@UAE_NJAA_N0@Z"
1316,"?update_message_state@OMediaMessagePort@@UAE_NJAA_N0@Z"
1317,"?update_message_state@OMediaSingleWindow@@UAE_NJAA_N0@Z"
1318,"?update_message_state@OMediaStringField@@UAE_NJAA_N0@Z"
1319,"?update_message_state@OMediaSupervisor@@UAE_NJAA_N0@Z"
1320,"?update_options@OMediaSerialStream@@MAEXXZ"
1321,"?update_render_ports@OMediaViewPort@@MAEXXZ"
1322,"?update_renderer@OMediaWindow@@MAEXPAVOMediaWin2Engine@@@Z"
1323,"?update_video_engine_connection@OMediaFullscreenWindow@@MAEXXZ"
1324,"?update_window_posiz@OMediaFullscreenWindow@@MAEXXZ"
1325,"?update_world_ptr@OMediaElement@@MAEXPAVOMediaWorld@@@Z"
1326,"?update_world_ptr@OMediaLight@@MAEXPAVOMediaWorld@@@Z"
1327,"?validate_closer_hit@OMedia3DShapeElement@@MAE_NAAVOMediaPickResult@@AAVOMediaPickSubResult@@@Z"
1328,"?validate_closer_hit@OMediaCanvasElement@@UAE_NAAVOMediaPickResult@@AAVOMediaPickSubResult@@@Z"
1329,"?validate_closer_hit@OMediaElement@@UAE_NAAVOMediaPickResult@@AAVOMediaPickSubResult@@@Z"
1330,"?world_link@OMediaElement@@MAEXPAVOMediaWorld@@@Z"
1331,"?world_to_viewport_coords@OMediaLayer@@UAE_NPAVOMediaViewPort@@ABVOMedia3DPoint@@AAM2@Z"
1332,"?write@OMediaStream@@UAEXPAXK@Z"
1333,"?write@OMediaStreamOperators@@UAEXPAXK@Z"
1334,"?write_class@OMedia3DMaterial@@UAEXAAVOMediaStreamOperators@@@Z"
1335,"?write_class@OMedia3DMorphAnimDef@@UAEXAAVOMediaStreamOperators@@@Z"
1336,"?write_class@OMedia3DMorphAnimFrame@@UAEXAAVOMediaStreamOperators@@@Z"
1337,"?write_class@OMedia3DPolygon@@UAEXAAVOMediaStreamOperators@@@Z"
1338,"?write_class@OMedia3DShape@@UAEXAAVOMediaStreamOperators@@@Z"
1339,"?write_class@OMedia3DShapeAnimDef@@UAEXAAVOMediaStreamOperators@@@Z"
1340,"?write_class@OMedia3DShapeAnimFrame@@UAEXAAVOMediaStreamOperators@@@Z"
1341,"?write_class@OMedia3DShapeElement@@UAEXAAVOMediaStreamOperators@@@Z"
1342,"?write_class@OMediaAnimDef@@UAEXAAVOMediaStreamOperators@@@Z"
1343,"?write_class@OMediaAnimFrame@@UAEXAAVOMediaStreamOperators@@@Z"
1344,"?write_class@OMediaCanvas@@UAEXAAVOMediaStreamOperators@@@Z"
1345,"?write_class@OMediaCanvasAnimDef@@UAEXAAVOMediaStreamOperators@@@Z"
1346,"?write_class@OMediaCanvasAnimFrame@@UAEXAAVOMediaStreamOperators@@@Z"
1347,"?write_class@OMediaCanvasElement@@UAEXAAVOMediaStreamOperators@@@Z"
1348,"?write_class@OMediaClassStreamer@@UAEXAAVOMediaStreamOperators@@@Z"
1349,"?write_class@OMediaDBObject@@UAEXAAVOMediaStreamOperators@@@Z"
1350,"?write_class@OMediaDBObjectStreamLink@@UAEXAAVOMediaStreamOperators@@@Z"
1351,"?write_class@OMediaElement@@UAEXAAVOMediaStreamOperators@@@Z"
1352,"?write_class@OMediaElementContainer@@UAEXAAVOMediaStreamOperators@@@Z"
1353,"?write_class@OMediaLight@@UAEXAAVOMediaStreamOperators@@@Z"
1354,"?write_class@OMediaPrimitiveElement@@UAEXAAVOMediaStreamOperators@@@Z"
1355,"?write_class@OMediaSound@@UAEXAAVOMediaStreamOperators@@@Z"
1356,"?write_header@OMediaFormattedStream@@UAEXXZ"
1357,"?zbuffer@OMediaOMTRenderPort@@1PAGA"
1358,"?zbuffer_length@OMediaOMTRenderPort@@1KA"
